baseline,family,split,registry_task,action,headline_eligible,seed,ran,leak_free,n_train,n_test,n_test_strata,pearson_delta,pearson_delta_lo,pearson_delta_hi,pearson_delta_ontarget,e_distance,e_distance_lo,e_distance_hi,aucell_program_corr,aucell::type_I_IFN,aucell::inflammatory_NFkB,aucell::effector_lymphocyte,cluster,dataset,modality
ctrl-pred,simple,C5_global_compound_holdout,C5_unseen_cpd,run_floor,False,0,True,True,51181,12333,112,0.0027070707488162,-0.0003189662708466,0.0056382754438223,0.0027070707488162,19.88870628426027,19.00826830583083,20.78843097474012,0.0,0.0,0.0,0.0,C5,op3_GSE279945,
cell-mean,simple,C5_global_compound_holdout,C5_unseen_cpd,run_floor,False,0,True,True,51181,12333,112,0.1721795784344846,0.1408064122239011,0.2048954090917374,0.1721795784344846,19.61360350006732,18.62973626505073,20.67696196631801,0.0,0.0,0.0,0.0,C5,op3_GSE279945,
donor-shift,simple,C5_global_compound_holdout,C5_unseen_cpd,run_floor,False,0,True,True,51181,12333,112,0.1721795784344846,0.1408064122239011,0.2048954090917374,0.1721795784344846,19.61360350006732,18.62973626505073,20.67696196631801,0.0,0.0,0.0,0.0,C5,op3_GSE279945,
linear-PCA,simple,C5_global_compound_holdout,C5_unseen_cpd,run_floor,False,0,True,True,51181,12333,112,0.1498077666204023,0.114211808336092,0.1863868794657589,0.1498077666204023,19.61360358985462,18.62973660416685,20.676961802262035,0.0,0.0,0.0,0.0,C5,op3_GSE279945,
FP-ridge,chemistry,C5_global_compound_holdout,C5_unseen_cpd,run_headline,True,0,True,True,51181,12333,112,0.1642003879678668,0.129260743026316,0.1988059017094201,0.1642003879678668,19.64137258995358,18.622311880863883,20.70070858997358,0.0520269439944137,0.1560808319832412,0.0,0.0,C5,op3_GSE279945,
ctrl-pred,simple,C5_loct_B,C1_LOCT,run_headline,True,0,True,True,47074,16080,141,-0.0260374800410763,-0.0298615852258119,-0.0221132800332012,-0.0260374800410763,7.501896591423852,7.159339964746112,7.894728753598984,0.0,0.0,0.0,0.0,C5,op3_GSE279945,
cell-mean,simple,C5_loct_B,C1_LOCT,run_headline,True,0,True,True,47074,16080,141,0.0741336378648692,0.0638587463357327,0.0852358071632593,0.0741336378648692,13.843982053890638,13.56177837612094,14.181713824673327,0.0,0.0,0.0,0.0,C5,op3_GSE279945,
donor-shift,simple,C5_loct_B,C1_LOCT,run_headline,True,0,True,True,47074,16080,141,0.2783795539950225,0.2525483899558267,0.3021720875814187,0.2783795539950225,7.085674888690674,6.7409093564094045,7.4989433690441345,0.0,0.0,0.0,0.0,C5,op3_GSE279945,
linear-PCA,simple,C5_loct_B,C1_LOCT,run_headline,True,0,True,True,47074,16080,141,0.2997303043578005,0.2701981343999373,0.3267677959969517,0.2997303043578005,7.08567463441411,6.740909008012827,7.498943127147754,0.0,0.0,0.0,0.0,C5,op3_GSE279945,
FP-ridge,chemistry,C5_loct_B,C1_LOCT,run_headline,True,0,True,True,47074,16080,141,0.4155767954463231,0.393190570110257,0.4372451146404054,0.4155767954463231,6.636237268277247,6.160809331146151,7.3104984067509395,0.2755865038384356,0.8473849100668489,-0.020625398551542,0.0,C5,op3_GSE279945,
ctrl-pred,simple,C5_loct_Mono,C1_LOCT,run_headline,True,0,True,True,48011,15143,140,0.0054791604900466,0.0016826850121599,0.0092173868912712,0.0054791604900466,5.5795355116950285,5.191328759938283,6.005688842751667,0.0,0.0,0.0,0.0,C5,op3_GSE279945,
cell-mean,simple,C5_loct_Mono,C1_LOCT,run_headline,True,0,True,True,48011,15143,140,0.0187246311714781,-0.0025081966288546,0.0411095392227096,0.0187246311714781,33.201184132916154,32.88995060169636,33.49540828598396,0.0,0.0,0.0,0.0,C5,op3_GSE279945,
donor-shift,simple,C5_loct_Mono,C1_LOCT,run_headline,True,0,True,True,48011,15143,140,0.1901579500874504,0.1729942814906826,0.2051647342232588,0.1901579500874504,5.64843757167431,5.302374525244823,6.033860291642253,0.0,0.0,0.0,0.0,C5,op3_GSE279945,
linear-PCA,simple,C5_loct_Mono,C1_LOCT,run_headline,True,0,True,True,48011,15143,140,0.184644846957443,0.1659082866628055,0.2011984103051612,0.184644846957443,5.648439253184412,5.30237672172785,6.033861706719057,0.0,0.0,0.0,0.0,C5,op3_GSE279945,
FP-ridge,chemistry,C5_loct_Mono,C1_LOCT,run_headline,True,0,True,True,48011,15143,140,0.3057086862789999,0.287368163713254,0.3259654570007529,0.3057086862789999,5.244524763450605,5.024621454455359,5.514116099154237,0.3928894000903382,0.6952756806928054,0.4833925195782093,0.0,C5,op3_GSE279945,
ctrl-pred,simple,C5_loct_NK,C1_LOCT,run_headline,True,0,True,True,49059,14095,141,-0.0110479001585783,-0.014569540376216,-0.0074894004442265,-0.0110479001585783,7.146360317712343,6.87814348753499,7.450357247677636,0.0,0.0,0.0,0.0,C5,op3_GSE279945,
cell-mean,simple,C5_loct_NK,C1_LOCT,run_headline,True,0,True,True,49059,14095,141,-0.0041590079562804,-0.0177878622777664,0.0101447200310764,-0.0041590079562804,21.50729710994211,21.336303262852727,21.68556732083865,0.0,0.0,0.0,0.0,C5,op3_GSE279945,
donor-shift,simple,C5_loct_NK,C1_LOCT,run_headline,True,0,True,True,49059,14095,141,0.2560246006011011,0.2335579245385931,0.2771781383585912,0.2560246006011011,6.7651150177925725,6.472332777087896,7.114353019766584,0.0,0.0,0.0,0.0,C5,op3_GSE279945,
linear-PCA,simple,C5_loct_NK,C1_LOCT,run_headline,True,0,True,True,49059,14095,141,0.2593769223663744,0.2339548493846953,0.2834140487750067,0.2593769223663744,6.765115331822278,6.472333012943551,7.114353168144188,0.0,0.0,0.0,0.0,C5,op3_GSE279945,
FP-ridge,chemistry,C5_loct_NK,C1_LOCT,run_headline,True,0,True,True,49059,14095,141,0.389807641928923,0.3704133550966726,0.4095984314139008,0.389807641928923,6.662965875802017,6.187932337365269,7.282967249414973,0.3568880427609204,0.809816486927803,0.0,0.2608476413549581,C5,op3_GSE279945,
ctrl-pred,simple,C5_loct_T_cells,C1_LOCT,run_headline,True,0,True,True,46398,16756,141,-0.0090414720179978,-0.0128953250375064,-0.0051767104649928,-0.0090414720179978,7.174565527114572,6.761203770522117,7.661031250834924,0.0,0.0,0.0,0.0,C5,op3_GSE279945,
cell-mean,simple,C5_loct_T_cells,C1_LOCT,run_headline,True,0,True,True,46398,16756,141,0.0112160133901349,-0.0014031010899727,0.0243078738242529,0.0112160133901349,15.793814571295991,15.436284511525782,16.21421424063585,0.0,0.0,0.0,0.0,C5,op3_GSE279945,
donor-shift,simple,C5_loct_T_cells,C1_LOCT,run_headline,True,0,True,True,46398,16756,141,0.3193161063398241,0.2978294459964208,0.3376960923360224,0.3193161063398241,6.749320393916428,6.353900387741724,7.237824826446979,0.0,0.0,0.0,0.0,C5,op3_GSE279945,
linear-PCA,simple,C5_loct_T_cells,C1_LOCT,run_headline,True,0,True,True,46398,16756,141,0.3339668906273994,0.309383317135631,0.3556295806839269,0.3339668906273994,6.749321024936103,6.353900995562402,7.237825468900585,0.0,0.0,0.0,0.0,C5,op3_GSE279945,
FP-ridge,chemistry,C5_loct_T_cells,C1_LOCT,run_headline,True,0,True,True,46398,16756,141,0.4387038899915861,0.4174232408741211,0.4608643735184314,0.4387038899915861,6.400173869857182,6.009188101890716,6.9022645289881055,0.1998112278063242,0.7289337595145164,0.0,-0.1295000760955437,C5,op3_GSE279945,
CPA,latent,C5_global_compound_holdout,C5_unseen_cpd,run_headline,True,0,True,True,51181,12333,112,0.1066869333002916,0.1035729032209409,0.2126126595781118,0.1586912059491234,19.76996977665768,18.53255210754236,21.085533124604662,0.0467739509636711,0.1403218528910134,0.0,0.0,C5,op3_GSE279945,
scGen,latent,C5_global_compound_holdout,C5_unseen_cpd,run_adapted,False,0,True,True,51181,12333,112,0.070217109282095,0.0626206590623821,0.1107974149360286,0.0861714466227567,19.92635716892916,19.016107251007096,20.892953141178776,-0.010998284656282,-0.032994853968846,0.0,0.0,C5,op3_GSE279945,
STATE,hybrid,C5_global_compound_holdout,C5_unseen_cpd,run_adapted,False,0,True,True,51181,12333,112,0.0044831052646247,-0.032896900610662,0.027195693534447,-0.0031887858874272,19.985654852010928,19.122446427606977,20.900830895413527,-0.1037807601846353,-0.3113422805539061,0.0,0.0,C5,op3_GSE279945,
CINEMA-OT,ot,C5_global_compound_holdout,C5_unseen_cpd,run_adapted,False,0,True,True,51181,12333,112,0.1718199929642391,0.1338884852681076,0.2103515883724217,0.1718199929642391,19.59853896245168,18.5815630746496,20.696042407030166,0.0,0.0,0.0,0.0,C5,op3_GSE279945,
CPA,latent,C5_loct_B,C1_LOCT,run_headline,True,0,True,True,47074,16080,141,0.0857465091171257,0.07063791978017944,0.10099695526832939,0.1065750629176692,13.297404705792486,12.976702664291768,13.79500511654038,0.2436483131589658,0.7309449394768975,0.0,0.0,C5,op3_GSE279945,
scGen,latent,C5_loct_B,C1_LOCT,run_headline,True,0,True,True,47074,16080,141,0.1222163400199078,0.0962044032675636,0.14771761474258316,0.1257371012714249,9.2687662449125,8.72656884742756,9.97430052125365,0.3371924340950387,0.8050052849167514,0.2065720173683648,0.0,C5,op3_GSE279945,
STATE,hybrid,C5_loct_B,C1_LOCT,run_headline,True,0,True,True,47074,16080,141,0.1116133730793958,0.09420829485277876,0.12836363952807547,0.1072831933253695,13.642889814403992,13.466738600008984,13.86768237002152,0.198981752072795,0.6966703443309875,0.0,-0.0997250881126025,C5,op3_GSE279945,
CINEMA-OT,ot,C5_loct_B,C1_LOCT,run_headline,True,0,True,True,47074,16080,141,0.2729726870286655,0.2481983647605813,0.2957831288116541,0.2729726870286655,7.0855618898394805,6.739096968764158,7.502279642330719,0.0,0.0,0.0,0.0,C5,op3_GSE279945,
CPA,latent,C5_loct_Mono,C1_LOCT,run_headline,True,0,True,True,48011,15143,140,0.0380770512864875,0.01539462769495524,0.060254856167053464,0.0385953666226539,33.01196921389109,32.72710311464841,33.29805166014899,0.2647948031985073,0.794384409595522,0.0,0.0,C5,op3_GSE279945,
scGen,latent,C5_loct_Mono,C1_LOCT,run_headline,True,0,True,True,48011,15143,140,0.1905759085268166,0.17171583463670684,0.2111535325549942,0.1604242594039533,7.908229520541984,7.739548188036344,8.12129970321076,0.4333148082545466,0.8150826917285755,0.4848617330350646,0.0,C5,op3_GSE279945,
STATE,hybrid,C5_loct_Mono,C1_LOCT,run_headline,True,0,True,True,48011,15143,140,0.040982635158748,0.017314188265819604,0.06499945187500478,0.0377204653010267,32.40806334967153,32.10230617851692,32.718521045835644,0.2725394078002421,0.758159182734978,0.0,0.0594590406657484,C5,op3_GSE279945,
CINEMA-OT,ot,C5_loct_Mono,C1_LOCT,run_headline,True,0,True,True,48011,15143,140,0.1898790710356219,0.1735440295342622,0.2042527712841651,0.1898790710356219,5.641544438711351,5.29419495933506,6.026394370508511,0.0,0.0,0.0,0.0,C5,op3_GSE279945,
CPA,latent,C5_loct_NK,C1_LOCT,run_headline,True,0,True,True,49059,14095,141,0.0137879254850054,-0.005535834350459144,0.03351991791738545,0.0246988257922889,21.97727247881038,21.622072902380665,22.416282163337563,0.2640664910716347,0.7921994732149042,0.0,0.0,C5,op3_GSE279945,
scGen,latent,C5_loct_NK,C1_LOCT,run_headline,True,0,True,True,49059,14095,141,0.2136937766898138,0.1934337947121326,0.2345819530757606,0.2198834053029352,7.245555496457509,6.912640307356282,7.667081305169393,0.1720157053446237,0.6386076002841893,0.0,-0.1225604842503181,C5,op3_GSE279945,
STATE,hybrid,C5_loct_NK,C1_LOCT,run_headline,True,0,True,True,49059,14095,141,0.0318594688539338,0.010940579995504707,0.05329942399531054,0.0261536860336542,21.543126942029087,21.340857721891272,21.73882143280773,0.2408337911858784,0.7225013735576352,0.0,0.0,C5,op3_GSE279945,
CINEMA-OT,ot,C5_loct_NK,C1_LOCT,run_headline,True,0,True,True,49059,14095,141,0.2515329206510982,0.2297874076069408,0.2715855304186863,0.2515329206510982,6.757126843237693,6.4632186260572375,7.103894744699558,0.0,0.0,0.0,0.0,C5,op3_GSE279945,
CPA,latent,C5_loct_T_cells,C1_LOCT,run_headline,True,0,True,True,46398,16756,141,0.0265078537874523,0.009179551330030112,0.04416042595913617,0.0445847137369463,15.514622571069234,15.179030672919469,15.942129805424251,0.2405634263058259,0.8511903550130212,0.0,-0.1295000760955432,C5,op3_GSE279945,
scGen,latent,C5_loct_T_cells,C1_LOCT,run_headline,True,0,True,True,46398,16756,141,0.192206551911771,0.17044048995565597,0.21498793211867964,0.2020090247846228,8.129303295264465,7.7607500247801475,8.605197032305918,0.452208841372857,0.8601856988941602,0.0,0.496440825224411,C5,op3_GSE279945,
STATE,hybrid,C5_loct_T_cells,C1_LOCT,run_headline,True,0,True,True,46398,16756,141,0.0557790771384973,0.037349450920071914,0.07501085992208566,0.0506955175117691,15.26909609911053,14.942554869008356,15.686985613518726,0.2785715916781733,0.8357147750345201,0.0,0.0,C5,op3_GSE279945,
CINEMA-OT,ot,C5_loct_T_cells,C1_LOCT,run_headline,True,0,True,True,46398,16756,141,0.2988785591425625,0.2789968376411191,0.3163568460415547,0.2988785591425625,6.778836354825256,6.382935334057289,7.267934914410752,0.0,0.0,0.0,0.0,C5,op3_GSE279945,
