task,model,unit,status,scope,n_strata,full_n_strata,n_response_genes,n_explicit_declined,pearson_delta,response_norm_ratio,mean_response_norm_ratio,calibration_slope,mean_calibration_slope,n_norm_estimable,n_slope_estimable,all_response_norms_estimable,includes_declined_placeholders
T1,CPA,B,native,shared_supported_strata,8,8,2000,0,0.36214855915898003,0.70413634362176936,0.70348325964452496,0.54137787932766801,0.53054133757250266,8,8,True,False
T1,CPA,B,native,full_census_strata,8,8,2000,0,0.36214855915898003,0.70413634362176936,0.70348325964452496,0.54137787932766801,0.53054133757250266,8,8,True,False
T1,CPA,CD4T,native,shared_supported_strata,8,8,2000,0,0.34104259780117996,0.8631115871836782,0.86492128952165981,0.39672515993831831,0.38841289271935164,8,8,True,False
T1,CPA,CD4T,native,full_census_strata,8,8,2000,0,0.34104259780117996,0.8631115871836782,0.86492128952165981,0.39672515993831831,0.38841289271935164,8,8,True,False
T1,CPA,CD8T,native,shared_supported_strata,8,8,2000,0,0.53487446777249259,0.55088700720961103,0.54940782456945092,0.91999833840941292,0.95396980515960283,8,8,True,False
T1,CPA,CD8T,native,full_census_strata,8,8,2000,0,0.53487446777249259,0.55088700720961103,0.54940782456945092,0.91999833840941292,0.95396980515960283,8,8,True,False
T1,CPA,DC,native,shared_supported_strata,8,8,2000,0,0.50435227680311012,1.0194581278595862,1.0329725982698097,0.42158584545592737,0.42553153049137676,8,8,True,False
T1,CPA,DC,native,full_census_strata,8,8,2000,0,0.50435227680311012,1.0194581278595862,1.0329725982698097,0.42158584545592737,0.42553153049137676,8,8,True,False
T1,CPA,Mk,native,shared_supported_strata,8,8,2000,0,0.27183194661774723,0.54382991568351968,0.55626104496826889,0.43023052102945369,0.4939842741316941,8,8,True,False
T1,CPA,Mk,native,full_census_strata,8,8,2000,0,0.27183194661774723,0.54382991568351968,0.55626104496826889,0.43023052102945369,0.4939842741316941,8,8,True,False
T1,CPA,Mono_CD14,native,shared_supported_strata,8,8,2000,0,0.40885270352835695,0.39133520586939996,0.39095130250349797,1.0610754428793057,1.0390819969746901,8,8,True,False
T1,CPA,Mono_CD14,native,full_census_strata,8,8,2000,0,0.40885270352835695,0.39133520586939996,0.39095130250349797,1.0610754428793057,1.0390819969746901,8,8,True,False
T1,CPA,Mono_FCGR3A,native,shared_supported_strata,8,8,2000,0,0.25992286763464911,0.5039478305793984,0.49420106164527311,0.52371637908841551,0.50642909542699777,8,8,True,False
T1,CPA,Mono_FCGR3A,native,full_census_strata,8,8,2000,0,0.25992286763464911,0.5039478305793984,0.49420106164527311,0.52371637908841551,0.50642909542699777,8,8,True,False
T1,CPA,NK,native,shared_supported_strata,8,8,2000,0,0.40826855377616711,0.73747646590143379,0.73772294590236132,0.54251565834805371,0.55790346265798774,8,8,True,False
T1,CPA,NK,native,full_census_strata,8,8,2000,0,0.40826855377616711,0.73747646590143379,0.73772294590236132,0.54251565834805371,0.55790346265798774,8,8,True,False
T1,CellFlow,B,native,shared_supported_strata,8,8,2000,0,0.82615160487891481,0.94996132452563509,0.94908022517074353,0.86157435282843187,0.87000376338497509,8,8,True,False
T1,CellFlow,B,native,full_census_strata,8,8,2000,0,0.82615160487891481,0.94996132452563509,0.94908022517074353,0.86157435282843187,0.87000376338497509,8,8,True,False
T1,CellFlow,CD4T,native,shared_supported_strata,8,8,2000,0,0.81648344311950616,0.90239503617681005,0.90428710414748237,0.89254897475621831,0.90579248328270401,8,8,True,False
T1,CellFlow,CD4T,native,full_census_strata,8,8,2000,0,0.81648344311950616,0.90239503617681005,0.90428710414748237,0.89254897475621831,0.90579248328270401,8,8,True,False
T1,CellFlow,CD8T,native,shared_supported_strata,8,8,2000,0,0.79229353054304275,1.0340514709992104,1.0312749662527763,0.79533997984565552,0.7712513331808154,8,8,True,False
T1,CellFlow,CD8T,native,full_census_strata,8,8,2000,0,0.79229353054304275,1.0340514709992104,1.0312749662527763,0.79533997984565552,0.7712513331808154,8,8,True,False
T1,CellFlow,DC,native,shared_supported_strata,8,8,2000,0,0.82687221372941411,1.0228537714485277,1.0364132702009443,0.79886614445003779,0.79849568118879377,8,8,True,False
T1,CellFlow,DC,native,full_census_strata,8,8,2000,0,0.82687221372941411,1.0228537714485277,1.0364132702009443,0.79886614445003779,0.79849568118879377,8,8,True,False
T1,CellFlow,Mk,native,shared_supported_strata,8,8,2000,0,0.55641217750833849,0.99123235285992151,1.0138904362531989,0.50223637227101614,0.54975459295254347,8,8,True,False
T1,CellFlow,Mk,native,full_census_strata,8,8,2000,0,0.55641217750833849,0.99123235285992151,1.0138904362531989,0.50223637227101614,0.54975459295254347,8,8,True,False
T1,CellFlow,Mono_CD14,native,shared_supported_strata,8,8,2000,0,0.92519284531104096,0.82629719919476052,0.82548659423631998,1.1235596859072472,1.1215148911330632,8,8,True,False
T1,CellFlow,Mono_CD14,native,full_census_strata,8,8,2000,0,0.92519284531104096,0.82629719919476052,0.82548659423631998,1.1235596859072472,1.1215148911330632,8,8,True,False
T1,CellFlow,Mono_FCGR3A,native,shared_supported_strata,8,8,2000,0,0.87808208178838631,1.3567515928765621,1.3305108680235853,0.65163390180713487,0.65959353558632916,8,8,True,False
T1,CellFlow,Mono_FCGR3A,native,full_census_strata,8,8,2000,0,0.87808208178838631,1.3567515928765621,1.3305108680235853,0.65163390180713487,0.65959353558632916,8,8,True,False
T1,CellFlow,NK,native,shared_supported_strata,8,8,2000,0,0.76630328443663087,0.91170557299412125,0.91201028424257768,0.83175846875316095,0.84292885745169455,8,8,True,False
T1,CellFlow,NK,native,full_census_strata,8,8,2000,0,0.76630328443663087,0.91170557299412125,0.91201028424257768,0.83175846875316095,0.84292885745169455,8,8,True,False
T1,CellOT,B,native,shared_supported_strata,8,8,2000,0,0.81242281499358282,1.0094201364817579,1.0156687168749574,0.79552289583978342,0.79929487387673515,8,8,True,False
T1,CellOT,B,native,full_census_strata,8,8,2000,0,0.81242281499358282,1.0094201364817579,1.0156687168749574,0.79552289583978342,0.79929487387673515,8,8,True,False
T1,CellOT,CD4T,native,shared_supported_strata,8,8,2000,0,0.81843849685826542,1.072233687070324,1.0904841218093557,0.76413726423303463,0.75544369235704356,8,8,True,False
T1,CellOT,CD4T,native,full_census_strata,8,8,2000,0,0.81843849685826542,1.072233687070324,1.0904841218093557,0.76413726423303463,0.75544369235704356,8,8,True,False
T1,CellOT,CD8T,native,shared_supported_strata,8,8,2000,0,0.76360432391529387,0.97135721732513491,0.97200229766836821,0.78610415942205902,0.77582986101196583,8,8,True,False
T1,CellOT,CD8T,native,full_census_strata,8,8,2000,0,0.76360432391529387,0.97135721732513491,0.97200229766836821,0.78610415942205902,0.77582986101196583,8,8,True,False
T1,CellOT,DC,native,shared_supported_strata,8,8,2000,0,0.79520353070042571,1.0299984894507623,1.0183164848340496,0.80174854754129377,0.78203334045168993,8,8,True,False
T1,CellOT,DC,native,full_census_strata,8,8,2000,0,0.79520353070042571,1.0299984894507623,1.0183164848340496,0.80174854754129377,0.78203334045168993,8,8,True,False
T1,CellOT,Mk,native,shared_supported_strata,8,8,2000,0,0.55616239512333743,1.1409295558570793,1.1003838656309675,0.45708146869769062,0.51097470076639628,8,8,True,False
T1,CellOT,Mk,native,full_census_strata,8,8,2000,0,0.55616239512333743,1.1409295558570793,1.1003838656309675,0.45708146869769062,0.51097470076639628,8,8,True,False
T1,CellOT,Mono_CD14,native,shared_supported_strata,8,8,2000,0,0.91301391773806673,0.79632203632333587,0.8154037837633773,1.1559324626560323,1.1285099369941389,8,8,True,False
T1,CellOT,Mono_CD14,native,full_census_strata,8,8,2000,0,0.91301391773806673,0.79632203632333587,0.8154037837633773,1.1559324626560323,1.1285099369941389,8,8,True,False
T1,CellOT,Mono_FCGR3A,native,shared_supported_strata,8,8,2000,0,0.89607994844511851,1.3162109691427841,1.3088564439311727,0.68309897977509404,0.6871419993755894,8,8,True,False
T1,CellOT,Mono_FCGR3A,native,full_census_strata,8,8,2000,0,0.89607994844511851,1.3162109691427841,1.3088564439311727,0.68309897977509404,0.6871419993755894,8,8,True,False
T1,CellOT,NK,native,shared_supported_strata,8,8,2000,0,0.73710093057096859,0.93914123897566459,0.96410771612233392,0.78101451349819673,0.76485121140901247,8,8,True,False
T1,CellOT,NK,native,full_census_strata,8,8,2000,0,0.73710093057096859,0.93914123897566459,0.96410771612233392,0.78101451349819673,0.76485121140901247,8,8,True,False
T1,PerturbNet,B,native,shared_supported_strata,8,8,2000,0,0.78912628619366276,0.97351427233284549,0.9726113412760431,0.80439929059901538,0.81089594892628047,8,8,True,False
T1,PerturbNet,B,native,full_census_strata,8,8,2000,0,0.78912628619366276,0.97351427233284549,0.9726113412760431,0.80439929059901538,0.81089594892628047,8,8,True,False
T1,PerturbNet,CD4T,native,shared_supported_strata,8,8,2000,0,0.78837717878060853,1.0800565414618193,1.0823211163757229,0.7158094025909949,0.73083873784671671,8,8,True,False
T1,PerturbNet,CD4T,native,full_census_strata,8,8,2000,0,0.78837717878060853,1.0800565414618193,1.0823211163757229,0.7158094025909949,0.73083873784671671,8,8,True,False
T1,PerturbNet,CD8T,native,shared_supported_strata,8,8,2000,0,0.77525906120568133,0.97162434049036828,0.96901543913963528,0.81624695162945837,0.80026743039233572,8,8,True,False
T1,PerturbNet,CD8T,native,full_census_strata,8,8,2000,0,0.77525906120568133,0.97162434049036828,0.96901543913963528,0.81624695162945837,0.80026743039233572,8,8,True,False
T1,PerturbNet,DC,native,shared_supported_strata,8,8,2000,0,0.82151889770842401,0.92904386336898126,0.94135975497667379,0.87121358981892028,0.87267136785447197,8,8,True,False
T1,PerturbNet,DC,native,full_census_strata,8,8,2000,0,0.82151889770842401,0.92904386336898126,0.94135975497667379,0.87121358981892028,0.87267136785447197,8,8,True,False
T1,PerturbNet,Mk,native,shared_supported_strata,8,8,2000,0,0.552909447035554,0.94673142557754253,0.96837227395657544,0.52360093279695508,0.57231213546303483,8,8,True,False
T1,PerturbNet,Mk,native,full_census_strata,8,8,2000,0,0.552909447035554,0.94673142557754253,0.96837227395657544,0.52360093279695508,0.57231213546303483,8,8,True,False
T1,PerturbNet,Mono_CD14,native,shared_supported_strata,8,8,2000,0,0.9398165017772675,0.80180002455336297,0.8010134514988827,1.1766528251333548,1.1743104853800133,8,8,True,False
T1,PerturbNet,Mono_CD14,native,full_census_strata,8,8,2000,0,0.9398165017772675,0.80180002455336297,0.8010134514988827,1.1766528251333548,1.1743104853800133,8,8,True,False
T1,PerturbNet,Mono_FCGR3A,native,shared_supported_strata,8,8,2000,0,0.88045187654368018,1.0598142192498801,1.0393165334155094,0.83343301774922973,0.84373901158213127,8,8,True,False
T1,PerturbNet,Mono_FCGR3A,native,full_census_strata,8,8,2000,0,0.88045187654368018,1.0598142192498801,1.0393165334155094,0.83343301774922973,0.84373901158213127,8,8,True,False
T1,PerturbNet,NK,native,shared_supported_strata,8,8,2000,0,0.74722047499038369,0.89734796891303459,0.89764788130134343,0.8156151629349,0.82927400749566049,8,8,True,False
T1,PerturbNet,NK,native,full_census_strata,8,8,2000,0,0.74722047499038369,0.89734796891303459,0.89764788130134343,0.8156151629349,0.82927400749566049,8,8,True,False
T1,STATE,B,native,shared_supported_strata,8,8,2000,0,0.58917587792872461,1.1519336109508389,1.1468613489666866,0.52029857763725618,0.51706821860278573,8,8,True,False
T1,STATE,B,native,full_census_strata,8,8,2000,0,0.58917587792872461,1.1519336109508389,1.1468613489666866,0.52029857763725618,0.51706821860278573,8,8,True,False
T1,STATE,CD4T,native,shared_supported_strata,8,8,2000,0,0.62525435049042266,1.1472665861715534,1.1443379676314254,0.52077564786185992,0.55028767096824516,8,8,True,False
T1,STATE,CD4T,native,full_census_strata,8,8,2000,0,0.62525435049042266,1.1472665861715534,1.1443379676314254,0.52077564786185992,0.55028767096824516,8,8,True,False
T1,STATE,CD8T,native,shared_supported_strata,8,8,2000,0,0.67903132927375087,1.0652004255824852,1.0869903718432399,0.62579135000680974,0.62677357037257075,8,8,True,False
T1,STATE,CD8T,native,full_census_strata,8,8,2000,0,0.67903132927375087,1.0652004255824852,1.0869903718432399,0.62579135000680974,0.62677357037257075,8,8,True,False
T1,STATE,DC,native,shared_supported_strata,8,8,2000,0,0.70307898048759543,1.1761544452731747,1.2115422025334976,0.58508154670358459,0.5766765063843734,8,8,True,False
T1,STATE,DC,native,full_census_strata,8,8,2000,0,0.70307898048759543,1.1761544452731747,1.2115422025334976,0.58508154670358459,0.5766765063843734,8,8,True,False
T1,STATE,Mk,native,shared_supported_strata,8,8,2000,0,0.41141391337357203,1.069300407737543,1.1020289974902351,0.33066396292737182,0.38667163150921857,8,8,True,False
T1,STATE,Mk,native,full_census_strata,8,8,2000,0,0.41141391337357203,1.069300407737543,1.1020289974902351,0.33066396292737182,0.38667163150921857,8,8,True,False
T1,STATE,Mono_CD14,native,shared_supported_strata,8,8,2000,0,0.75628839544425741,0.81909360918849128,0.80414709498638215,0.92487928687046272,0.94135637096854197,8,8,True,False
T1,STATE,Mono_CD14,native,full_census_strata,8,8,2000,0,0.75628839544425741,0.81909360918849128,0.80414709498638215,0.92487928687046272,0.94135637096854197,8,8,True,False
T1,STATE,Mono_FCGR3A,native,shared_supported_strata,8,8,2000,0,0.79054217023850493,0.96308590685294337,0.9453905462485821,0.81337880496241555,0.82895338466890112,8,8,True,False
T1,STATE,Mono_FCGR3A,native,full_census_strata,8,8,2000,0,0.79054217023850493,0.96308590685294337,0.9453905462485821,0.81337880496241555,0.82895338466890112,8,8,True,False
T1,STATE,NK,native,shared_supported_strata,8,8,2000,0,0.57773837211218604,1.0630919867907278,1.0452661338844722,0.54241574371917334,0.55241468455908516,8,8,True,False
T1,STATE,NK,native,full_census_strata,8,8,2000,0,0.57773837211218604,1.0630919867907278,1.0452661338844722,0.54241574371917334,0.55241468455908516,8,8,True,False
T1,cell-mean,B,floor,shared_supported_strata,8,8,2000,0,0.6650275677326013,1.4216905964888586,1.4203719687393093,0.46678040285760303,0.47046875109985697,8,8,True,False
T1,cell-mean,B,floor,full_census_strata,8,8,2000,0,0.6650275677326013,1.4216905964888586,1.4203719687393093,0.46678040285760303,0.47046875109985697,8,8,True,False
T1,cell-mean,CD4T,floor,shared_supported_strata,8,8,2000,0,0.62028341936498421,1.8347386397923748,1.8385855699816458,0.3300494907980821,0.3406183202059121,8,8,True,False
T1,cell-mean,CD4T,floor,full_census_strata,8,8,2000,0,0.62028341936498421,1.8347386397923748,1.8385855699816458,0.3300494907980821,0.3406183202059121,8,8,True,False
T1,cell-mean,CD8T,floor,shared_supported_strata,8,8,2000,0,0.6186532631599474,1.4941294324715004,1.4901175975872571,0.41600734042190746,0.42000027412244867,8,8,True,False
T1,cell-mean,CD8T,floor,full_census_strata,8,8,2000,0,0.6186532631599474,1.4941294324715004,1.4901175975872571,0.41600734042190746,0.42000027412244867,8,8,True,False
T1,cell-mean,DC,floor,shared_supported_strata,8,8,2000,0,0.7118548818589514,1.059914578056381,1.0739653517284231,0.64152956790594007,0.63944233401525197,8,8,True,False
T1,cell-mean,DC,floor,full_census_strata,8,8,2000,0,0.7118548818589514,1.059914578056381,1.0739653517284231,0.64152956790594007,0.63944233401525197,8,8,True,False
T1,cell-mean,Mk,floor,shared_supported_strata,8,8,2000,0,0.5344624507409671,1.0380617768321341,1.0617903022197481,0.45826116770926201,0.50430467478089869,8,8,True,False
T1,cell-mean,Mk,floor,full_census_strata,8,8,2000,0,0.5344624507409671,1.0380617768321341,1.0617903022197481,0.45826116770926201,0.50430467478089869,8,8,True,False
T1,cell-mean,Mono_CD14,floor,shared_supported_strata,8,8,2000,0,0.45585314047845094,0.96201972784116485,0.9610759739092084,0.47324489536459963,0.47365711377472564,8,8,True,False
T1,cell-mean,Mono_CD14,floor,full_census_strata,8,8,2000,0,0.45585314047845094,0.96201972784116485,0.9610759739092084,0.47324489536459963,0.47365711377472564,8,8,True,False
T1,cell-mean,Mono_FCGR3A,floor,shared_supported_strata,8,8,2000,0,0.52873282925827758,0.98555266637971295,0.96649124886950855,0.53112826663512935,0.53297630128705098,8,8,True,False
T1,cell-mean,Mono_FCGR3A,floor,full_census_strata,8,8,2000,0,0.52873282925827758,0.98555266637971295,0.96649124886950855,0.53112826663512935,0.53297630128705098,8,8,True,False
T1,cell-mean,NK,floor,shared_supported_strata,8,8,2000,0,0.58157672025861451,1.3893734901963473,1.3898378632863437,0.41691962595605681,0.42211851623476221,8,8,True,False
T1,cell-mean,NK,floor,full_census_strata,8,8,2000,0,0.58157672025861451,1.3893734901963473,1.3898378632863437,0.41691962595605681,0.42211851623476221,8,8,True,False
T1,linear-PCA,B,floor,shared_supported_strata,8,8,2000,0,0.82917922698699398,0.96542735730527163,0.96453194110075757,0.85768324341670343,0.86101485144993184,8,8,True,False
T1,linear-PCA,B,floor,full_census_strata,8,8,2000,0,0.82917922698699398,0.96542735730527163,0.96453194110075757,0.85768324341670343,0.86101485144993184,8,8,True,False
T1,linear-PCA,CD4T,floor,shared_supported_strata,8,8,2000,0,0.78452063240854053,1.2648796473109785,1.267531744258831,0.61184857509302026,0.62094320254031043,8,8,True,False
T1,linear-PCA,CD4T,floor,full_census_strata,8,8,2000,0,0.78452063240854053,1.2648796473109785,1.267531744258831,0.61184857509302026,0.62094320254031043,8,8,True,False
T1,linear-PCA,CD8T,floor,shared_supported_strata,8,8,2000,0,0.72108610909375237,1.150952293006269,1.1478619258610017,0.66143913581569347,0.62959450931682204,8,8,True,False
T1,linear-PCA,CD8T,floor,full_census_strata,8,8,2000,0,0.72108610909375237,1.150952293006269,1.1478619258610017,0.66143913581569347,0.62959450931682204,8,8,True,False
T1,linear-PCA,DC,floor,shared_supported_strata,8,8,2000,0,0.82228063286257269,0.67240852433425147,0.6813223119279086,1.2111745314483087,1.2043967462487211,8,8,True,False
T1,linear-PCA,DC,floor,full_census_strata,8,8,2000,0,0.82228063286257269,0.67240852433425147,0.6813223119279086,1.2111745314483087,1.2043967462487211,8,8,True,False
T1,linear-PCA,Mk,floor,shared_supported_strata,8,8,2000,0,0.60240601147282535,0.86998586600134553,0.88987242520026499,0.62301264935166878,0.67938430250732051,8,8,True,False
T1,linear-PCA,Mk,floor,full_census_strata,8,8,2000,0,0.60240601147282535,0.86998586600134553,0.88987242520026499,0.62301264935166878,0.67938430250732051,8,8,True,False
T1,linear-PCA,Mono_CD14,floor,shared_supported_strata,8,8,2000,0,0.81903741666431495,0.53202636685130589,0.53150443985075868,1.5247757743160903,1.5369287557349667,8,8,True,False
T1,linear-PCA,Mono_CD14,floor,full_census_strata,8,8,2000,0,0.81903741666431495,0.53202636685130589,0.53150443985075868,1.5247757743160903,1.5369287557349667,8,8,True,False
T1,linear-PCA,Mono_FCGR3A,floor,shared_supported_strata,8,8,2000,0,0.88126687279936755,0.68245578462093448,0.6692565238001742,1.3121827879198933,1.3185757585352689,8,8,True,False
T1,linear-PCA,Mono_FCGR3A,floor,full_census_strata,8,8,2000,0,0.88126687279936755,0.68245578462093448,0.6692565238001742,1.3121827879198933,1.3185757585352689,8,8,True,False
T1,linear-PCA,NK,floor,shared_supported_strata,8,8,2000,0,0.78289524490077944,1.0424016543320427,1.0427500761641881,0.77370746619831809,0.75428287294868346,8,8,True,False
T1,linear-PCA,NK,floor,full_census_strata,8,8,2000,0,0.78289524490077944,1.0424016543320427,1.0427500761641881,0.77370746619831809,0.75428287294868346,8,8,True,False
T1,scFoundation,B,adapted,shared_supported_strata,8,8,2000,0,0.74841285420710557,0.93981731621153497,0.93894567034646115,0.80255648354915898,0.7996116529525743,8,8,True,False
T1,scFoundation,B,adapted,full_census_strata,8,8,2000,0,0.74841285420710557,0.93981731621153497,0.93894567034646115,0.80255648354915898,0.7996116529525743,8,8,True,False
T1,scFoundation,CD4T,adapted,shared_supported_strata,8,8,2000,0,0.7288848259591707,1.0449396217362004,1.0471305661580435,0.6855010830851016,0.69970172235174144,8,8,True,False
T1,scFoundation,CD4T,adapted,full_census_strata,8,8,2000,0,0.7288848259591707,1.0449396217362004,1.0471305661580435,0.6855010830851016,0.69970172235174144,8,8,True,False
T1,scFoundation,CD8T,adapted,shared_supported_strata,8,8,2000,0,0.68230291717873803,1.0790450712682105,1.0761476425249348,0.68613018794683134,0.63879683498188922,8,8,True,False
T1,scFoundation,CD8T,adapted,full_census_strata,8,8,2000,0,0.68230291717873803,1.0790450712682105,1.0761476425249348,0.68613018794683134,0.63879683498188922,8,8,True,False
T1,scFoundation,DC,adapted,shared_supported_strata,8,8,2000,0,0.70491932158190074,0.88937768607283141,0.90116772840628601,0.78044908130183432,0.76802463121389386,8,8,True,False
T1,scFoundation,DC,adapted,full_census_strata,8,8,2000,0,0.70491932158190074,0.88937768607283141,0.90116772840628601,0.78044908130183432,0.76802463121389386,8,8,True,False
T1,scFoundation,Mk,adapted,shared_supported_strata,8,8,2000,0,0.51856747084802113,0.88294939219995472,0.90313227906627169,0.52831885099756903,0.57115545262778422,8,8,True,False
T1,scFoundation,Mk,adapted,full_census_strata,8,8,2000,0,0.51856747084802113,0.88294939219995472,0.90313227906627169,0.52831885099756903,0.57115545262778422,8,8,True,False
T1,scFoundation,Mono_CD14,adapted,shared_supported_strata,8,8,2000,0,0.68946928489346759,0.59887448163768253,0.59828698013383141,1.1249603173935545,1.1333131296620853,8,8,True,False
T1,scFoundation,Mono_CD14,adapted,full_census_strata,8,8,2000,0,0.68946928489346759,0.59887448163768253,0.59828698013383141,1.1249603173935545,1.1333131296620853,8,8,True,False
T1,scFoundation,Mono_FCGR3A,adapted,shared_supported_strata,8,8,2000,0,0.69385211431585969,0.88574817146195417,0.86861701081922016,0.78983117472059983,0.79501239877282603,8,8,True,False
T1,scFoundation,Mono_FCGR3A,adapted,full_census_strata,8,8,2000,0,0.69385211431585969,0.88574817146195417,0.86861701081922016,0.78983117472059983,0.79501239877282603,8,8,True,False
T1,scFoundation,NK,adapted,shared_supported_strata,8,8,2000,0,0.65226992342211543,1.1143946587727018,1.1147671095991754,0.58067297075291013,0.58565133134922398,8,8,True,False
T1,scFoundation,NK,adapted,full_census_strata,8,8,2000,0,0.65226992342211543,1.1143946587727018,1.1147671095991754,0.58067297075291013,0.58565133134922398,8,8,True,False
T1,scGPT,B,adapted,shared_supported_strata,8,8,2000,0,0.66848014609382611,1.4135772078612281,1.4122661237051468,0.47147208265014895,0.4756854370120126,8,8,True,False
T1,scGPT,B,adapted,full_census_strata,8,8,2000,0,0.66848014609382611,1.4135772078612281,1.4122661237051468,0.47147208265014895,0.4756854370120126,8,8,True,False
T1,scGPT,CD4T,adapted,shared_supported_strata,8,8,2000,0,0.64278023269794171,1.7436039036608273,1.7472597498551634,0.35617799621400703,0.37009188311157848,8,8,True,False
T1,scGPT,CD4T,adapted,full_census_strata,8,8,2000,0,0.64278023269794171,1.7436039036608273,1.7472597498551634,0.35617799621400703,0.37009188311157848,8,8,True,False
T1,scGPT,CD8T,adapted,shared_supported_strata,8,8,2000,0,0.62420311399583561,1.5300685172431496,1.5259601394187012,0.40644411304680705,0.41259180674431906,8,8,True,False
T1,scGPT,CD8T,adapted,full_census_strata,8,8,2000,0,0.62420311399583561,1.5300685172431496,1.5259601394187012,0.40644411304680705,0.41259180674431906,8,8,True,False
T1,scGPT,DC,adapted,shared_supported_strata,8,8,2000,0,0.69284881654149977,1.0536112388173684,1.0675784687269578,0.62321616358724552,0.62384831874301128,8,8,True,False
T1,scGPT,DC,adapted,full_census_strata,8,8,2000,0,0.69284881654149977,1.0536112388173684,1.0675784687269578,0.62321616358724552,0.62384831874301128,8,8,True,False
T1,scGPT,Mk,adapted,shared_supported_strata,8,8,2000,0,0.5370471171033584,0.96434011771898365,0.98638346854874315,0.49868325721153572,0.54731311538862437,8,8,True,False
T1,scGPT,Mk,adapted,full_census_strata,8,8,2000,0,0.5370471171033584,0.96434011771898365,0.98638346854874315,0.49868325721153572,0.54731311538862437,8,8,True,False
T1,scGPT,Mono_CD14,adapted,shared_supported_strata,8,8,2000,0,0.39862289529404404,0.98241610783236499,0.98145234555774441,0.40418023441603657,0.40399730319853178,8,8,True,False
T1,scGPT,Mono_CD14,adapted,full_census_strata,8,8,2000,0,0.39862289529404404,0.98241610783236499,0.98145234555774441,0.40418023441603657,0.40399730319853178,8,8,True,False
T1,scGPT,Mono_FCGR3A,adapted,shared_supported_strata,8,8,2000,0,0.53955075892495685,0.9850746881388619,0.96602254582788638,0.53642407318959306,0.54243667155185749,8,8,True,False
T1,scGPT,Mono_FCGR3A,adapted,full_census_strata,8,8,2000,0,0.53955075892495685,0.9850746881388619,0.96602254582788638,0.53642407318959306,0.54243667155185749,8,8,True,False
T1,scGPT,NK,adapted,shared_supported_strata,8,8,2000,0,0.58028036828943619,1.3698366952160117,1.3702945232025048,0.42242869629731283,0.42752327112830163,8,8,True,False
T1,scGPT,NK,adapted,full_census_strata,8,8,2000,0,0.58028036828943619,1.3698366952160117,1.3702945232025048,0.42242869629731283,0.42752327112830163,8,8,True,False
T1,scGen,B,native,shared_supported_strata,8,8,2000,0,0.76737276692910839,0.90622909299383037,0.9053885724245283,0.84642788580038508,0.84972720414356984,8,8,True,False
T1,scGen,B,native,full_census_strata,8,8,2000,0,0.76737276692910839,0.90622909299383037,0.9053885724245283,0.84642788580038508,0.84972720414356984,8,8,True,False
T1,scGen,CD4T,native,shared_supported_strata,8,8,2000,0,0.77683918108586258,0.99435299775641806,0.996437878112582,0.76927772884684509,0.78277730128057477,8,8,True,False
T1,scGen,CD4T,native,full_census_strata,8,8,2000,0,0.77683918108586258,0.99435299775641806,0.996437878112582,0.76927772884684509,0.78277730128057477,8,8,True,False
T1,scGen,CD8T,native,shared_supported_strata,8,8,2000,0,0.77181214570883561,1.0057568314579635,1.0030563253633082,0.7890410302127272,0.77230056232579392,8,8,True,False
T1,scGen,CD8T,native,full_census_strata,8,8,2000,0,0.77181214570883561,1.0057568314579635,1.0030563253633082,0.7890410302127272,0.77230056232579392,8,8,True,False
T1,scGen,DC,native,shared_supported_strata,8,8,2000,0,0.73154391589739043,0.89525164610129138,0.90711958137260429,0.7486629514637152,0.75069292618017247,8,8,True,False
T1,scGen,DC,native,full_census_strata,8,8,2000,0,0.73154391589739043,0.89525164610129138,0.90711958137260429,0.7486629514637152,0.75069292618017247,8,8,True,False
T1,scGen,Mk,native,shared_supported_strata,8,8,2000,0,0.54415110958832857,0.88987186670568663,0.91021299221634711,0.54939937165008668,0.59968135126549016,8,8,True,False
T1,scGen,Mk,native,full_census_strata,8,8,2000,0,0.54415110958832857,0.88987186670568663,0.91021299221634711,0.54939937165008668,0.59968135126549016,8,8,True,False
T1,scGen,Mono_CD14,native,shared_supported_strata,8,8,2000,0,0.83522359093615894,0.5462961656317753,0.54576024987212735,1.5285519428879493,1.526906223932798,8,8,True,False
T1,scGen,Mono_CD14,native,full_census_strata,8,8,2000,0,0.83522359093615894,0.5462961656317753,0.54576024987212735,1.5285519428879493,1.526906223932798,8,8,True,False
T1,scGen,Mono_FCGR3A,native,shared_supported_strata,8,8,2000,0,0.8242887523176281,0.82975941800850617,0.81371122641262517,0.99653097172297178,1.012529162599892,8,8,True,False
T1,scGen,Mono_FCGR3A,native,full_census_strata,8,8,2000,0,0.8242887523176281,0.82975941800850617,0.81371122641262517,0.99653097172297178,1.012529162599892,8,8,True,False
T1,scGen,NK,native,shared_supported_strata,8,8,2000,0,0.74609288786081684,0.92391672540157543,0.924225522926863,0.78802941968520024,0.80539166363139236,8,8,True,False
T1,scGen,NK,native,full_census_strata,8,8,2000,0,0.74609288786081684,0.92391672540157543,0.924225522926863,0.78802941968520024,0.80539166363139236,8,8,True,False
T1,scPRAM,B,native,shared_supported_strata,8,8,2000,0,0.79799101323655908,1.1705999561020426,1.1695142287680991,0.64779815096097304,0.65521202718256555,8,8,True,False
T1,scPRAM,B,native,full_census_strata,8,8,2000,0,0.79799101323655908,1.1705999561020426,1.1695142287680991,0.64779815096097304,0.65521202718256555,8,8,True,False
T1,scPRAM,CD4T,native,shared_supported_strata,8,8,2000,0,0.7276954539449676,1.223239937827199,1.2258047280678461,0.54475418540251908,0.55229621769594039,8,8,True,False
T1,scPRAM,CD4T,native,full_census_strata,8,8,2000,0,0.7276954539449676,1.223239937827199,1.2258047280678461,0.54475418540251908,0.55229621769594039,8,8,True,False
T1,scPRAM,CD8T,native,shared_supported_strata,8,8,2000,0,0.68613942235001879,1.0637665540574734,1.0609102423286583,0.58240304402768839,0.57318322930244592,8,8,True,False
T1,scPRAM,CD8T,native,full_census_strata,8,8,2000,0,0.68613942235001879,1.0637665540574734,1.0609102423286583,0.58240304402768839,0.57318322930244592,8,8,True,False
T1,scPRAM,DC,native,shared_supported_strata,8,8,2000,0,0.81409367053325843,0.98259186313277858,0.99561761504621404,0.79410941966199355,0.79728048396561424,8,8,True,False
T1,scPRAM,DC,native,full_census_strata,8,8,2000,0,0.81409367053325843,0.98259186313277858,0.99561761504621404,0.79410941966199355,0.79728048396561424,8,8,True,False
T1,scPRAM,Mk,native,shared_supported_strata,8,8,2000,0,0.53660480838061853,0.9948659784776448,1.0176071099284771,0.4746030916913675,0.51890128777253197,8,8,True,False
T1,scPRAM,Mk,native,full_census_strata,8,8,2000,0,0.53660480838061853,0.9948659784776448,1.0176071099284771,0.4746030916913675,0.51890128777253197,8,8,True,False
T1,scPRAM,Mono_CD14,native,shared_supported_strata,8,8,2000,0,0.90222821223946115,0.88817674247922418,0.88730543308553911,1.0115121905652453,0.99859495302156609,8,8,True,False
T1,scPRAM,Mono_CD14,native,full_census_strata,8,8,2000,0,0.90222821223946115,0.88817674247922418,0.88730543308553911,1.0115121905652453,0.99859495302156609,8,8,True,False
T1,scPRAM,Mono_FCGR3A,native,shared_supported_strata,8,8,2000,0,0.86049692346785334,1.3377669821068849,1.3118934593509539,0.64207457662539114,0.65090760436788042,8,8,True,False
T1,scPRAM,Mono_FCGR3A,native,full_census_strata,8,8,2000,0,0.86049692346785334,1.3377669821068849,1.3118934593509539,0.64207457662539114,0.65090760436788042,8,8,True,False
T1,scPRAM,NK,native,shared_supported_strata,8,8,2000,0,0.68048288305393201,1.0528818534020332,1.0532337484552348,0.58565196990305846,0.58974147535383881,8,8,True,False
T1,scPRAM,NK,native,full_census_strata,8,8,2000,0,0.68048288305393201,1.0528818534020332,1.0532337484552348,0.58565196990305846,0.58974147535383881,8,8,True,False
T3,AttentionPert,chen,native,shared_supported_strata,27,30,1912,0,0.21362858794442424,2.04436566244018,1.8686023047320861,0.11441299613880485,0.14109853877496303,27,27,True,False
T3,AttentionPert,chen,native,full_census_strata,30,30,1912,0,0.20630010311741095,2.0039936891089791,1.7916186130258154,0.11630007590385824,2.6336111646289555,30,30,True,False
T3,AttentionPert,mccutcheon_CRISPRa,native,shared_supported_strata,2,2,1944,0,0.32017612002680862,2.0261899092339202,2.0261899092339202,0.1725853824042265,0.1725853824042265,2,2,True,False
T3,AttentionPert,mccutcheon_CRISPRa,native,full_census_strata,2,2,1944,0,0.32017612002680862,2.0261899092339202,2.0261899092339202,0.1725853824042265,0.1725853824042265,2,2,True,False
T3,AttentionPert,mccutcheon_CRISPRi,native,shared_supported_strata,2,2,1940,0,0.12873712777736895,3.3603963708516211,3.3603963708516211,0.045880745273804528,0.045880745273804528,2,2,True,False
T3,AttentionPert,mccutcheon_CRISPRi,native,full_census_strata,2,2,1940,0,0.12873712777736895,3.3603963708516211,3.3603963708516211,0.045880745273804528,0.045880745273804528,2,2,True,False
T3,AttentionPert,schmidt,native,shared_supported_strata,7,7,1944,0,0.37610225741607456,0.84023305023270478,0.89342264367077029,0.39352470446302723,0.40683742251958332,7,7,True,False
T3,AttentionPert,schmidt,native,full_census_strata,7,7,1944,0,0.37610225741607456,0.84023305023270478,0.89342264367077029,0.39352470446302723,0.40683742251958332,7,7,True,False
T3,AttentionPert,shifrut,native,shared_supported_strata,2,2,1967,0,0.14655158122501968,2.3134668922301862,2.3134668922301862,0.061499123284147333,0.061499123284147333,2,2,True,False
T3,AttentionPert,shifrut,native,full_census_strata,2,2,1967,0,0.14655158122501968,2.3134668922301862,2.3134668922301862,0.061499123284147333,0.061499123284147333,2,2,True,False
T3,Biolord,chen,native,shared_supported_strata,27,30,1912,0,0.38962168298947053,1.4272975477176748,1.3492940309301331,0.29710027875924333,0.41355316184344687,27,27,True,False
T3,Biolord,chen,native,full_census_strata,30,30,1912,0,0.37445989494474408,1.4319397267305647,1.3447914466401929,0.28132326077643616,0.39030815929986673,30,30,True,False
T3,Biolord,mccutcheon_CRISPRa,native,shared_supported_strata,2,2,1944,0,0.45901757630479134,0.84205475599540947,0.84205475599540947,0.58224744268395257,0.58224744268395257,2,2,True,False
T3,Biolord,mccutcheon_CRISPRa,native,full_census_strata,2,2,1944,0,0.45901757630479134,0.84205475599540947,0.84205475599540947,0.58224744268395257,0.58224744268395257,2,2,True,False
T3,Biolord,mccutcheon_CRISPRi,native,shared_supported_strata,2,2,1940,0,0.32395153440407931,1.4735319905319568,1.4735319905319568,0.084092116530212063,0.084092116530212063,2,2,True,False
T3,Biolord,mccutcheon_CRISPRi,native,full_census_strata,2,2,1940,0,0.32395153440407931,1.4735319905319568,1.4735319905319568,0.084092116530212063,0.084092116530212063,2,2,True,False
T3,Biolord,schmidt,native,shared_supported_strata,7,7,1944,0,0.53460451908582907,0.75680049875673583,0.80618326500151205,0.63354422269361699,0.58365621604622675,7,7,True,False
T3,Biolord,schmidt,native,full_census_strata,7,7,1944,0,0.53460451908582907,0.75680049875673583,0.80618326500151205,0.63354422269361699,0.58365621604622675,7,7,True,False
T3,Biolord,shifrut,native,shared_supported_strata,2,2,1967,0,0.31754793318443192,0.99540241777317173,0.99540241777317173,0.32381088159675109,0.32381088159675109,2,2,True,False
T3,Biolord,shifrut,native,full_census_strata,2,2,1967,0,0.31754793318443192,0.99540241777317173,0.99540241777317173,0.32381088159675109,0.32381088159675109,2,2,True,False
T3,CellFlow,chen,native,shared_supported_strata,27,30,1912,0,0.35927117535073017,2.2828688827767922,2.162359834114111,0.16410340213307015,0.24019298439004785,27,27,True,False
T3,CellFlow,chen,native,full_census_strata,30,30,1912,1,0.34102081545801244,2.1869568062102047,2.0780717727682867,,,30,29,True,True
T3,CellFlow,mccutcheon_CRISPRa,native,shared_supported_strata,2,2,1944,0,0.17461305100332614,0.8764857243171027,0.8764857243171027,0.12393205861288542,0.12393205861288542,2,2,True,False
T3,CellFlow,mccutcheon_CRISPRa,native,full_census_strata,2,2,1944,0,0.17461305100332614,0.8764857243171027,0.8764857243171027,0.12393205861288542,0.12393205861288542,2,2,True,False
T3,CellFlow,mccutcheon_CRISPRi,native,shared_supported_strata,2,2,1940,0,0.30416150628501987,0.87146933339320332,0.87146933339320332,0.34889860059780964,0.34889860059780964,2,2,True,False
T3,CellFlow,mccutcheon_CRISPRi,native,full_census_strata,2,2,1940,0,0.30416150628501987,0.87146933339320332,0.87146933339320332,0.34889860059780964,0.34889860059780964,2,2,True,False
T3,CellFlow,schmidt,native,shared_supported_strata,7,7,1944,0,0.43992624075448916,0.70319442350749928,0.66243901674970407,0.64925709025307266,0.51797112205990659,7,7,True,False
T3,CellFlow,schmidt,native,full_census_strata,7,7,1944,0,0.43992624075448916,0.70319442350749928,0.66243901674970407,0.64925709025307266,0.51797112205990659,7,7,True,False
T3,CellFlow,shifrut,native,shared_supported_strata,2,2,1967,0,0.37595358292947889,0.51809757251276178,0.51809757251276178,0.73653798766795908,0.73653798766795908,2,2,True,False
T3,CellFlow,shifrut,native,full_census_strata,2,2,1967,0,0.37595358292947889,0.51809757251276178,0.51809757251276178,0.73653798766795908,0.73653798766795908,2,2,True,False
T3,GEARS,chen,native,shared_supported_strata,27,30,1912,0,0.20250653102076172,1.6020949920483789,1.6345626208804673,0.10260484106115068,0.13644928639575496,27,27,True,False
T3,GEARS,chen,native,full_census_strata,30,30,1912,0,0.19320916756655931,1.5454016428194437,1.5673630704473416,0.10393149545463831,2.6280602949367426,30,30,True,False
T3,GEARS,mccutcheon_CRISPRa,native,shared_supported_strata,2,2,1944,0,0.3395100076042516,1.5767949020923262,1.5767949020923262,0.24622351683631044,0.24622351683631044,2,2,True,False
T3,GEARS,mccutcheon_CRISPRa,native,full_census_strata,2,2,1944,0,0.3395100076042516,1.5767949020923262,1.5767949020923262,0.24622351683631044,0.24622351683631044,2,2,True,False
T3,GEARS,mccutcheon_CRISPRi,native,shared_supported_strata,2,2,1940,0,0.0067843690973278109,1.8278070284070198,1.8278070284070198,-0.014839043239777923,-0.014839043239777923,2,2,True,False
T3,GEARS,mccutcheon_CRISPRi,native,full_census_strata,2,2,1940,0,0.0067843690973278109,1.8278070284070198,1.8278070284070198,-0.014839043239777923,-0.014839043239777923,2,2,True,False
T3,GEARS,schmidt,native,shared_supported_strata,7,7,1944,0,0.35033423727024199,0.93151279360888173,0.82013741541167184,0.49406391045215825,0.42466737016805928,7,7,True,False
T3,GEARS,schmidt,native,full_census_strata,7,7,1944,0,0.35033423727024199,0.93151279360888173,0.82013741541167184,0.49406391045215825,0.42466737016805928,7,7,True,False
T3,GEARS,shifrut,native,shared_supported_strata,2,2,1967,0,0.17459937050988245,1.7793697305476459,1.7793697305476459,0.10353122220876816,0.10353122220876816,2,2,True,False
T3,GEARS,shifrut,native,full_census_strata,2,2,1967,0,0.17459937050988245,1.7793697305476459,1.7793697305476459,0.10353122220876816,0.10353122220876816,2,2,True,False
T3,PertAdapt,chen,native,shared_supported_strata,27,30,1912,0,0.17774938836659432,5.5919119685619627,5.2752728852248634,0.036922210186539572,0.053885509581571581,27,27,True,False
T3,PertAdapt,chen,native,full_census_strata,30,30,1912,0,0.16894274560881975,5.5966695690186672,5.2765826537717873,0.032500226969299058,0.050392078818272776,30,30,True,False
T3,PertAdapt,mccutcheon_CRISPRa,native,shared_supported_strata,2,2,1944,0,0.39888101179151836,2.1335236469301178,2.1335236469301178,0.20653528156621001,0.20653528156621001,2,2,True,False
T3,PertAdapt,mccutcheon_CRISPRa,native,full_census_strata,2,2,1944,0,0.39888101179151836,2.1335236469301178,2.1335236469301178,0.20653528156621001,0.20653528156621001,2,2,True,False
T3,PertAdapt,mccutcheon_CRISPRi,native,shared_supported_strata,2,2,1940,0,0.23351635382810731,2.1549478510112685,2.1549478510112685,0.13124773170252088,0.13124773170252088,2,2,True,False
T3,PertAdapt,mccutcheon_CRISPRi,native,full_census_strata,2,2,1940,0,0.23351635382810731,2.1549478510112685,2.1549478510112685,0.13124773170252088,0.13124773170252088,2,2,True,False
T3,PertAdapt,schmidt,native,shared_supported_strata,7,7,1944,0,0.2707313614276789,2.0810041618857102,1.9761096776365703,0.15794428361816507,0.11686190213742141,7,7,True,False
T3,PertAdapt,schmidt,native,full_census_strata,7,7,1944,0,0.2707313614276789,2.0810041618857102,1.9761096776365703,0.15794428361816507,0.11686190213742141,7,7,True,False
T3,PertAdapt,shifrut,native,shared_supported_strata,2,2,1967,0,0.1285803371494901,1.8587533850515248,1.8587533850515248,0.07960074385612434,0.07960074385612434,2,2,True,False
T3,PertAdapt,shifrut,native,full_census_strata,2,2,1967,0,0.1285803371494901,1.8587533850515248,1.8587533850515248,0.07960074385612434,0.07960074385612434,2,2,True,False
T3,PerturbNet,chen,native,shared_supported_strata,27,30,1912,0,0.34171358143437014,1.4878316415660588,1.5212379734741106,0.213768599510851,0.29605306396597564,27,27,True,False
T3,PerturbNet,chen,native,full_census_strata,30,30,1912,1,0.32140937351077503,1.4609930235112523,1.4779091422512887,,,30,29,True,True
T3,PerturbNet,mccutcheon_CRISPRa,native,shared_supported_strata,2,2,1944,0,0.43085950281259749,1.3030360479922667,1.3030360479922667,0.35186582842241965,0.35186582842241965,2,2,True,False
T3,PerturbNet,mccutcheon_CRISPRa,native,full_census_strata,2,2,1944,0,0.43085950281259749,1.3030360479922667,1.3030360479922667,0.35186582842241965,0.35186582842241965,2,2,True,False
T3,PerturbNet,mccutcheon_CRISPRi,native,shared_supported_strata,2,2,1940,0,0.28796337911258191,1.3175043268550763,1.3175043268550763,0.20086877150811178,0.20086877150811178,2,2,True,False
T3,PerturbNet,mccutcheon_CRISPRi,native,full_census_strata,2,2,1940,0,0.28796337911258191,1.3175043268550763,1.3175043268550763,0.20086877150811178,0.20086877150811178,2,2,True,False
T3,PerturbNet,schmidt,native,shared_supported_strata,7,7,1944,0,0.49740664743333263,0.82313505611861804,0.80754978274177291,0.5893457820216691,0.49175592729161455,7,7,True,False
T3,PerturbNet,schmidt,native,full_census_strata,7,7,1944,0,0.49740664743333263,0.82313505611861804,0.80754978274177291,0.5893457820216691,0.49175592729161455,7,7,True,False
T3,PerturbNet,shifrut,native,shared_supported_strata,2,2,1967,0,0.31845491643048307,1.0829577307811014,1.0829577307811014,0.25959292756942981,0.25959292756942981,2,2,True,False
T3,PerturbNet,shifrut,native,full_census_strata,2,2,1967,0,0.31845491643048307,1.0829577307811014,1.0829577307811014,0.25959292756942981,0.25959292756942981,2,2,True,False
T3,STATE,chen,native,shared_supported_strata,27,30,1912,0,0.10808720570698613,2.5276479683215318,2.4946970384293685,0.037411752035645243,0.045381061887295841,27,27,True,False
T3,STATE,chen,native,full_census_strata,30,30,1912,1,0.10241214501480005,2.4437826405255718,2.3926885440436569,,,30,29,True,True
T3,STATE,mccutcheon_CRISPRa,native,shared_supported_strata,2,2,1944,0,0.18395765400464847,2.8995206337003205,2.8995206337003205,0.070091527928157191,0.070091527928157191,2,2,True,False
T3,STATE,mccutcheon_CRISPRa,native,full_census_strata,2,2,1944,0,0.18395765400464847,2.8995206337003205,2.8995206337003205,0.070091527928157191,0.070091527928157191,2,2,True,False
T3,STATE,mccutcheon_CRISPRi,native,shared_supported_strata,2,2,1940,0,0.054010360350027972,5.2166179808452924,5.2166179808452924,0.01333416739648996,0.01333416739648996,2,2,True,False
T3,STATE,mccutcheon_CRISPRi,native,full_census_strata,2,2,1940,0,0.054010360350027972,5.2166179808452924,5.2166179808452924,0.01333416739648996,0.01333416739648996,2,2,True,False
T3,STATE,schmidt,native,shared_supported_strata,7,7,1944,0,0.33156950908307198,0.9088497179643158,0.86999746757596286,0.50794131192464043,0.34389285901435296,7,7,True,False
T3,STATE,schmidt,native,full_census_strata,7,7,1944,0,0.33156950908307198,0.9088497179643158,0.86999746757596286,0.50794131192464043,0.34389285901435296,7,7,True,False
T3,STATE,shifrut,native,shared_supported_strata,2,2,1967,0,0.045394212003590555,2.755664507749696,2.755664507749696,0.018649717209946348,0.018649717209946348,2,2,True,False
T3,STATE,shifrut,native,full_census_strata,2,2,1967,0,0.045394212003590555,2.755664507749696,2.755664507749696,0.018649717209946348,0.018649717209946348,2,2,True,False
T3,cell-mean,chen,floor,shared_supported_strata,27,30,1912,0,0.53602187542334712,0.74575752192363398,0.70470299006609549,0.65919319982046931,0.913476950953658,27,27,True,False
T3,cell-mean,chen,floor,full_census_strata,30,30,1912,0,0.51654148163631497,0.74954696220917083,0.70879140175751743,0.65609260594168717,0.86517241880873208,30,30,True,False
T3,cell-mean,mccutcheon_CRISPRa,floor,shared_supported_strata,2,2,1944,0,0.59398352838866475,0.83421507287430652,0.83421507287430652,0.77818508266153552,0.77818508266153552,2,2,True,False
T3,cell-mean,mccutcheon_CRISPRa,floor,full_census_strata,2,2,1944,0,0.59398352838866475,0.83421507287430652,0.83421507287430652,0.77818508266153552,0.77818508266153552,2,2,True,False
T3,cell-mean,mccutcheon_CRISPRi,floor,shared_supported_strata,2,2,1940,0,0.45685693387225124,0.62731181962262461,0.62731181962262461,0.75469589338908127,0.75469589338908127,2,2,True,False
T3,cell-mean,mccutcheon_CRISPRi,floor,full_census_strata,2,2,1940,0,0.45685693387225124,0.62731181962262461,0.62731181962262461,0.75469589338908127,0.75469589338908127,2,2,True,False
T3,cell-mean,schmidt,floor,shared_supported_strata,7,7,1944,0,0.49086681803084126,0.69863253278327109,0.65510985931506238,0.96087849526049818,0.66160624572931626,7,7,True,False
T3,cell-mean,schmidt,floor,full_census_strata,7,7,1944,0,0.49086681803084126,0.69863253278327109,0.65510985931506238,0.96087849526049818,0.66160624572931626,7,7,True,False
T3,cell-mean,shifrut,floor,shared_supported_strata,2,2,1967,0,0.45180326905729767,0.51811415100715108,0.51811415100715108,0.87676158763067824,0.87676158763067824,2,2,True,False
T3,cell-mean,shifrut,floor,full_census_strata,2,2,1967,0,0.45180326905729767,0.51811415100715108,0.51811415100715108,0.87676158763067824,0.87676158763067824,2,2,True,False
T3,linear-PCA,chen,floor,shared_supported_strata,27,30,1912,0,0.41285046043970941,0.66205125816912158,0.62562018345171977,0.57331729275520127,0.89539857520227339,27,27,True,False
T3,linear-PCA,chen,floor,full_census_strata,30,30,1912,0,0.38962762817258312,0.6654213722136566,0.62925003898759124,0.56388822599362887,0.8352187642811959,30,30,True,False
T3,linear-PCA,mccutcheon_CRISPRa,floor,shared_supported_strata,2,2,1944,0,0.45009299588993246,0.70208016194821021,0.70208016194821021,0.73690248980091466,0.73690248980091466,2,2,True,False
T3,linear-PCA,mccutcheon_CRISPRa,floor,full_census_strata,2,2,1944,0,0.45009299588993246,0.70208016194821021,0.70208016194821021,0.73690248980091466,0.73690248980091466,2,2,True,False
T3,linear-PCA,mccutcheon_CRISPRi,floor,shared_supported_strata,2,2,1940,0,0.083768166821060447,0.34470898179969955,0.34470898179969955,0.41084738984291147,0.41084738984291147,2,2,True,False
T3,linear-PCA,mccutcheon_CRISPRi,floor,full_census_strata,2,2,1940,0,0.083768166821060447,0.34470898179969955,0.34470898179969955,0.41084738984291147,0.41084738984291147,2,2,True,False
T3,linear-PCA,schmidt,floor,shared_supported_strata,7,7,1944,0,0.29601900492417121,0.55592606376116804,0.52129355055784399,0.97232814878116491,0.48012779729710064,7,7,True,False
T3,linear-PCA,schmidt,floor,full_census_strata,7,7,1944,0,0.29601900492417121,0.55592606376116804,0.52129355055784399,0.97232814878116491,0.48012779729710064,7,7,True,False
T3,linear-PCA,shifrut,floor,shared_supported_strata,2,2,1967,0,0.28646434028818907,0.30460530333739522,0.30460530333739522,0.96001776096596891,0.96001776096596891,2,2,True,False
T3,linear-PCA,shifrut,floor,full_census_strata,2,2,1967,0,0.28646434028818907,0.30460530333739522,0.30460530333739522,0.96001776096596891,0.96001776096596891,2,2,True,False
T3,linear-shift-KOemb,chen,diagnostic,shared_supported_strata,27,30,1912,0,0.53516080091151808,0.75276246054326768,0.71455841740590531,0.66700211603667647,0.90193349974904735,27,27,True,False
T3,linear-shift-KOemb,chen,diagnostic,full_census_strata,30,30,1912,1,0.50941383280807762,0.7240168304742528,0.68567522414954707,,,30,29,True,True
T3,linear-shift-KOemb,mccutcheon_CRISPRa,diagnostic,shared_supported_strata,2,2,1944,0,0.59621287591744954,0.77984782227819771,0.77984782227819771,0.83023603729028939,0.83023603729028939,2,2,True,False
T3,linear-shift-KOemb,mccutcheon_CRISPRa,diagnostic,full_census_strata,2,2,1944,0,0.59621287591744954,0.77984782227819771,0.77984782227819771,0.83023603729028939,0.83023603729028939,2,2,True,False
T3,linear-shift-KOemb,mccutcheon_CRISPRi,diagnostic,shared_supported_strata,2,2,1940,0,0.42995855803513527,0.63925519856337676,0.63925519856337676,0.69784922488306989,0.69784922488306989,2,2,True,False
T3,linear-shift-KOemb,mccutcheon_CRISPRi,diagnostic,full_census_strata,2,2,1940,0,0.42995855803513527,0.63925519856337676,0.63925519856337676,0.69784922488306989,0.69784922488306989,2,2,True,False
T3,linear-shift-KOemb,schmidt,diagnostic,shared_supported_strata,7,7,1944,0,0.48922488387571045,0.70393870031820527,0.65708539385323539,0.96497376734562201,0.65916880671744071,7,7,True,False
T3,linear-shift-KOemb,schmidt,diagnostic,full_census_strata,7,7,1944,0,0.48922488387571045,0.70393870031820527,0.65708539385323539,0.96497376734562201,0.65916880671744071,7,7,True,False
T3,linear-shift-KOemb,shifrut,diagnostic,shared_supported_strata,2,2,1967,0,0.44556483365345251,0.5189164348892672,0.5189164348892672,0.86412242058673749,0.86412242058673749,2,2,True,False
T3,linear-shift-KOemb,shifrut,diagnostic,full_census_strata,2,2,1967,0,0.44556483365345251,0.5189164348892672,0.5189164348892672,0.86412242058673749,0.86412242058673749,2,2,True,False
T3,scFoundation,chen,native,shared_supported_strata,27,30,1912,0,0.25118851177813556,4.8774026521371674,4.5935911401496723,0.034859589200556089,0.042495181179038582,27,27,True,False
T3,scFoundation,chen,native,full_census_strata,30,30,1912,3,0.22606966060032196,4.3757691541127128,4.1342320261347059,,,30,27,True,True
T3,scFoundation,mccutcheon_CRISPRa,native,shared_supported_strata,2,2,1944,0,0.25069679112390519,4.4107298443884373,4.4107298443884373,0.055672669644000486,0.055672669644000486,2,2,True,False
T3,scFoundation,mccutcheon_CRISPRa,native,full_census_strata,2,2,1944,0,0.25069679112390519,4.4107298443884373,4.4107298443884373,0.055672669644000486,0.055672669644000486,2,2,True,False
T3,scFoundation,mccutcheon_CRISPRi,native,shared_supported_strata,2,2,1940,0,0.10455529222740839,3.2714918884932587,3.2714918884932587,0.030096183795042808,0.030096183795042808,2,2,True,False
T3,scFoundation,mccutcheon_CRISPRi,native,full_census_strata,2,2,1940,0,0.10455529222740839,3.2714918884932587,3.2714918884932587,0.030096183795042808,0.030096183795042808,2,2,True,False
T3,scFoundation,schmidt,native,shared_supported_strata,7,7,1944,0,0.080727478374627487,2.2373668717694115,2.1258653875774742,0.084692456173666983,0.063669472718089343,7,7,True,False
T3,scFoundation,schmidt,native,full_census_strata,7,7,1944,0,0.080727478374627487,2.2373668717694115,2.1258653875774742,0.084692456173666983,0.063669472718089343,7,7,True,False
T3,scFoundation,shifrut,native,shared_supported_strata,2,2,1967,0,-0.010722701157797821,5.6260353021762848,5.6260353021762848,0.0068454075256503951,0.0068454075256503951,2,2,True,False
T3,scFoundation,shifrut,native,full_census_strata,2,2,1967,0,-0.010722701157797821,5.6260353021762848,5.6260353021762848,0.0068454075256503951,0.0068454075256503951,2,2,True,False
T3,scGPT,chen,native,shared_supported_strata,27,30,1912,0,0.40536336890428543,1.0391494473138454,0.99097263252211576,0.37091125404604613,0.53877615943327239,27,27,True,False
T3,scGPT,chen,native,full_census_strata,30,30,1912,0,0.38762118294238246,1.0110344168667351,0.9526942766690456,0.40240489911381472,3.0103236823502035,30,30,True,False
T3,scGPT,mccutcheon_CRISPRa,native,shared_supported_strata,2,2,1944,0,0.33402384554794179,1.0821997175627815,1.0821997175627815,0.34850328898100008,0.34850328898100008,2,2,True,False
T3,scGPT,mccutcheon_CRISPRa,native,full_census_strata,2,2,1944,0,0.33402384554794179,1.0821997175627815,1.0821997175627815,0.34850328898100008,0.34850328898100008,2,2,True,False
T3,scGPT,mccutcheon_CRISPRi,native,shared_supported_strata,2,2,1940,0,0.003820963848430059,3.4650559105263343,3.4650559105263343,-0.025802851185967472,-0.025802851185967472,2,2,True,False
T3,scGPT,mccutcheon_CRISPRi,native,full_census_strata,2,2,1940,0,0.003820963848430059,3.4650559105263343,3.4650559105263343,-0.025802851185967472,-0.025802851185967472,2,2,True,False
T3,scGPT,schmidt,native,shared_supported_strata,7,7,1944,0,0.29160606607647127,0.93953267822932895,0.84856990594041981,0.37823677161395847,0.22316315105687101,7,7,True,False
T3,scGPT,schmidt,native,full_census_strata,7,7,1944,0,0.29160606607647127,0.93953267822932895,0.84856990594041981,0.37823677161395847,0.22316315105687101,7,7,True,False
T3,scGPT,shifrut,native,shared_supported_strata,2,2,1967,0,-0.17297155597493974,2.9753452537264953,2.9753452537264953,-0.061823966133273525,-0.061823966133273525,2,2,True,False
T3,scGPT,shifrut,native,full_census_strata,2,2,1967,0,-0.17297155597493974,2.9753452537264953,2.9753452537264953,-0.061823966133273525,-0.061823966133273525,2,2,True,False
T5c,CPA,B,native,shared_supported_strata,140,141,2000,0,0.11153143196458755,2.7822653421457928,2.5847098149490102,0.041568082899958253,0.057277468162513563,140,140,True,False
T5c,CPA,B,native,full_census_strata,141,141,2000,0,0.11074351571678581,2.7814596052897671,2.5777446139836577,0.04113301439814105,0.055729551402444254,141,141,True,False
T5c,CPA,Mono,native,shared_supported_strata,139,140,2000,0,-0.016138133921960361,4.4944306119133106,4.0292450324112048,-0.0045872505225669187,0.0060321204342755038,139,139,True,False
T5c,CPA,Mono,native,full_census_strata,140,140,2000,0,-0.016325189159728748,4.4947903947971088,4.0365785734490194,-0.0045928522530265803,0.0059241461433247843,140,140,True,False
T5c,CPA,NK,native,shared_supported_strata,140,141,2000,0,0.10398583769393704,1.6188506130597355,1.5595680741118152,0.061866047462308588,0.070520581159046303,140,140,True,False
T5c,CPA,NK,native,full_census_strata,141,141,2000,0,0.10403260566644504,1.6116287537432847,1.5593809717407192,0.06211403539644049,0.07052159475019007,141,141,True,False
T5c,CPA,T_cells,native,shared_supported_strata,139,141,2000,0,0.042627920229278117,1.907939743529159,1.7884307951731968,0.027892218812760175,0.024259481197039436,139,139,True,False
T5c,CPA,T_cells,native,full_census_strata,141,141,2000,0,0.04398480418512319,1.907939743529159,1.7810593418211134,0.027892218812760175,0.026702046005924612,141,141,True,False
T5c,CellFlow,B,native,shared_supported_strata,140,141,2000,0,0.10021758163880594,3.1073140969188113,2.9268464127705807,0.033849811875709797,0.044833883759292502,140,140,True,False
T5c,CellFlow,B,native,full_census_strata,141,141,2000,0,0.10031796437416916,3.10725250611508,2.9177185073359833,0.03373591134423469,0.043587734739873187,141,141,True,False
T5c,CellFlow,Mono,native,shared_supported_strata,139,140,2000,0,0.067937125194552264,3.385586573439459,3.0468664151128997,0.022773074929795179,0.047358937552763485,139,139,True,False
T5c,CellFlow,Mono,native,full_census_strata,140,140,2000,0,0.068589446305362428,3.3870030730233625,3.0530197479072139,0.023069754876561196,0.047308202482375293,140,140,True,False
T5c,CellFlow,NK,native,shared_supported_strata,140,141,2000,0,0.093080876525549583,1.8094086702207677,1.7079586660928499,0.035760660751144327,0.057572681886449928,140,140,True,False
T5c,CellFlow,NK,native,full_census_strata,141,141,2000,0,0.092796817563036538,1.8214218380011333,1.7092686576288638,0.03616293220970259,0.057605835801219585,141,141,True,False
T5c,CellFlow,T_cells,native,shared_supported_strata,139,141,2000,0,0.1531691276694514,1.6082330963653551,1.5226982244703122,0.079731364043759897,0.10031344851601968,139,139,True,False
T5c,CellFlow,T_cells,native,full_census_strata,141,141,2000,0,0.15357761670570183,1.6082330963653551,1.5169112729896155,0.079731364043759897,0.1008771696092146,141,141,True,False
T5c,CellOT,B,native,shared_supported_strata,140,141,2000,0,0.14806996631525773,2.3261620572774295,2.2247854638891793,0.048130005341991175,0.080977934412115135,140,140,True,False
T5c,CellOT,B,native,full_census_strata,141,141,2000,0,0.14801832060763603,2.3255209926475437,2.2185499768651091,0.050933929907822618,0.081661450768087757,141,141,True,False
T5c,CellOT,Mono,native,shared_supported_strata,139,140,2000,0,0.14584953312663004,2.7949659997273653,2.5863899606475256,0.04700846398519716,0.092666208667524022,139,139,True,False
T5c,CellOT,Mono,native,full_census_strata,140,140,2000,0,0.14504380500951547,2.7962947979050097,2.5898393155487174,0.04678679923703527,0.092115029080888353,140,140,True,False
T5c,CellOT,NK,native,shared_supported_strata,140,141,2000,0,0.2567137152146336,1.5260154833072777,1.4810344008609091,0.15794453587166674,0.1849413378685402,140,140,True,False
T5c,CellOT,NK,native,full_census_strata,141,141,2000,0,0.25573482977600764,1.5246632116044139,1.4793575110328872,0.15701454263280715,0.18422745100406696,141,141,True,False
T5c,CellOT,T_cells,native,shared_supported_strata,139,141,2000,0,0.22890337366651192,1.7115513193161063,1.6782345600563211,0.11178604934942774,0.13178132357995034,139,139,True,False
T5c,CellOT,T_cells,native,full_census_strata,141,141,2000,1,0.22572086553670503,1.7115513193161063,1.6702694844896244,,,141,140,True,True
T5c,FP-ridge,B,diagnostic,shared_supported_strata,140,141,2000,0,0.41619427545111765,0.57597289520486372,0.6002951470452057,0.67887204501301945,0.71148912199717429,140,140,True,False
T5c,FP-ridge,B,diagnostic,full_census_strata,141,141,2000,0,0.41557680280232401,0.57590524735549031,0.59856704713741049,0.68126119894180981,0.71586122842327682,141,141,True,False
T5c,FP-ridge,Mono,diagnostic,shared_supported_strata,139,140,2000,0,0.30657457885368905,0.80982930201938808,0.78140114708925779,0.37355095196387972,0.45613921661898915,139,139,True,False
T5c,FP-ridge,Mono,diagnostic,full_census_strata,140,140,2000,0,0.30570868567599013,0.81109036507709042,0.78440035963736654,0.37181284626695277,0.45411509438717701,140,140,True,False
T5c,FP-ridge,NK,diagnostic,shared_supported_strata,140,141,2000,0,0.39076390605642697,0.56974494089295291,0.61525049797252018,0.67439332344492986,0.69624505169750328,140,140,True,False
T5c,FP-ridge,NK,diagnostic,full_census_strata,141,141,2000,0,0.38980764436625759,0.57016484807703394,0.61608285953778186,0.67337617134982963,0.69459216640913546,141,141,True,False
T5c,FP-ridge,T_cells,diagnostic,shared_supported_strata,139,141,2000,0,0.44396183178973908,0.6158128774958912,0.67391908336168493,0.66407588903848558,0.69578922485753725,139,139,True,False
T5c,FP-ridge,T_cells,diagnostic,full_census_strata,141,141,2000,0,0.43870389680312205,0.6158128774958912,0.67757805939195592,0.66336037355765887,0.68744657994003322,141,141,True,False
T5c,PRnet,B,native,shared_supported_strata,140,141,2000,0,0.13366395503478118,2.7250925910301618,2.5871282111754916,0.043769619325681054,0.069692845345080176,140,140,True,False
T5c,PRnet,B,native,full_census_strata,141,141,2000,0,0.13320019362773755,2.7207155944961268,2.5799649905956428,0.043127469494549125,0.068684567402232541,141,141,True,False
T5c,PRnet,Mono,native,shared_supported_strata,139,140,2000,0,0.042784997659824422,6.737559749342676,6.0223250611243335,0.013352339137434374,0.037554734189132882,139,139,True,False
T5c,PRnet,Mono,native,full_census_strata,140,140,2000,0,0.041206616280014784,6.7442850540646813,6.0294824822445285,0.013133644928567324,0.037088971047819379,140,140,True,False
T5c,PRnet,NK,native,shared_supported_strata,140,141,2000,0,0.07847170226501865,2.211230137403486,2.1262890278673687,0.036756390963284216,0.061695578396777737,140,140,True,False
T5c,PRnet,NK,native,full_census_strata,141,141,2000,0,0.078081205482453106,2.2099281193459208,2.1255213319327457,0.036169497613281303,0.061247772972144926,141,141,True,False
T5c,PRnet,T_cells,native,shared_supported_strata,139,141,2000,0,0.12370302942675435,3.3055884768241226,3.1146231905674968,0.051318846129934932,0.064870634155310941,139,139,True,False
T5c,PRnet,T_cells,native,full_census_strata,141,141,2000,0,0.12523565701864006,3.3055884768241226,3.1003561000575006,0.051318846129934932,0.069703981384206012,141,141,True,False
T5c,PerturbNet,B,native,shared_supported_strata,140,141,2000,0,0.12330178031520776,2.4643429870986946,2.3412871975018641,0.040116938506830443,0.070508650372173312,140,140,True,False
T5c,PerturbNet,B,native,full_census_strata,141,141,2000,1,0.12242729960375241,2.4635503368159077,2.3246823237607166,,,141,140,True,True
T5c,PerturbNet,Mono,native,shared_supported_strata,139,140,2000,0,0.10502392407698399,2.1830259841880468,2.006276032481916,0.038532733108747913,0.081687957938730849,139,139,True,False
T5c,PerturbNet,Mono,native,full_census_strata,140,140,2000,1,0.10427375319071983,2.1825485983234372,1.9919454893927593,,,140,139,True,True
T5c,PerturbNet,NK,native,shared_supported_strata,140,141,2000,0,0.22396907081537476,1.4023940069908321,1.3630491214859612,0.16350025225510878,0.18994978441465443,140,140,True,False
T5c,PerturbNet,NK,native,full_census_strata,141,141,2000,1,0.22238063768902458,1.4020573550139326,1.3533821064399614,,,141,140,True,True
T5c,PerturbNet,T_cells,native,shared_supported_strata,139,141,2000,0,0.14674485069352297,1.9621669855105255,1.8934079489781848,0.075012694223372145,0.10138548463920334,139,139,True,False
T5c,PerturbNet,T_cells,native,full_census_strata,141,141,2000,1,0.1473117943192972,1.9615217378278578,1.8700795546173687,,,141,140,True,True
T5c,STATE,B,native,shared_supported_strata,140,141,2000,0,0.083402498649559634,2.5937697821267363,2.4398225690282693,0.02971877868711292,0.04795197332870578,140,140,True,False
T5c,STATE,B,native,full_census_strata,141,141,2000,0,0.083057436578622412,2.5825687917016427,2.4331327501506266,0.02961550865596365,0.047456319464115791,141,141,True,False
T5c,STATE,Mono,native,shared_supported_strata,139,140,2000,0,-0.0033870786505838346,7.5399643569197048,6.7196673920126653,-0.0040310572191931465,0.0021135113640880525,139,139,True,False
T5c,STATE,Mono,native,full_census_strata,140,140,2000,0,-0.0048170397401032074,7.5429738432677311,6.7314789807312714,-0.0041998745961847658,0.0019403826162469016,140,140,True,False
T5c,STATE,NK,native,shared_supported_strata,140,141,2000,0,0.03469970683599588,2.6899302228668116,2.5827849024449083,0.012446396298625841,0.0268150160411674,140,140,True,False
T5c,STATE,NK,native,full_census_strata,141,141,2000,0,0.034649225023352617,2.6786437906651761,2.5828222498332942,0.011970645841756897,0.02666076486828468,141,141,True,False
T5c,STATE,T_cells,native,shared_supported_strata,139,141,2000,0,0.052891253015930353,2.1946440014459894,2.077298893907805,0.024818295023397823,0.034304847675331776,139,139,True,False
T5c,STATE,T_cells,native,full_census_strata,141,141,2000,0,0.053787364943999751,2.1946440014459894,2.0691158384426087,0.024818295023397823,0.036064602707191633,141,141,True,False
T5c,cell-mean,B,floor,shared_supported_strata,140,141,2000,0,0.07386622930638842,2.6318568252944821,2.4561249977883342,0.016980995452005751,0.032813856377184827,140,140,True,False
T5c,cell-mean,B,floor,full_census_strata,141,141,2000,0,0.074133636376449638,2.6313485610171909,2.449526211325896,0.017512047662274686,0.033607668830141657,141,141,True,False
T5c,cell-mean,Mono,floor,shared_supported_strata,139,140,2000,0,0.020371577901329731,5.5877027331530851,5.0110667389661501,0.0095011346585122548,0.035530415467472203,139,139,True,False
T5c,cell-mean,Mono,floor,full_census_strata,140,140,2000,0,0.018724629695881113,5.5904894461552566,5.0200415629746926,0.0081540376347553067,0.035016412213164545,140,140,True,False
T5c,cell-mean,NK,floor,shared_supported_strata,140,141,2000,0,-0.0040532736728290039,2.5575610483951641,2.461463192590327,-0.018240040146783862,-0.0058984831254552533,140,140,True,False
T5c,cell-mean,NK,floor,full_census_strata,141,141,2000,0,-0.0041590080829099459,2.5525862034875892,2.4611876100495573,-0.017790987439039573,-0.0057353641581380137,141,141,True,False
T5c,cell-mean,T_cells,floor,shared_supported_strata,139,141,2000,0,0.0092922005246049953,2.4162537829524786,2.2648614496667667,-0.007818943486422137,-0.0042345491917107798,139,139,True,False
T5c,cell-mean,T_cells,floor,full_census_strata,141,141,2000,0,0.011216014583171443,2.4162537829524786,2.2557047227732303,-0.0077784038776811081,-0.003307686483321901,141,141,True,False
T5c,linear-PCA,B,floor,shared_supported_strata,140,141,2000,0,0.3022451277791034,0.3648104609810302,0.34045168034156675,0.87262061363949339,0.88167689555035389,140,140,True,False
T5c,linear-PCA,B,floor,full_census_strata,141,141,2000,0,0.29973036255288676,0.36474000877271978,0.33953699939599585,0.86474355656069291,0.86717608789301559,141,141,True,False
T5c,linear-PCA,Mono,floor,shared_supported_strata,139,140,2000,0,0.18552688636954101,0.52799681891176575,0.4735089533434616,0.40874899975472573,0.54592476741207174,139,139,True,False
T5c,linear-PCA,Mono,floor,full_census_strata,140,140,2000,0,0.18464485458249991,0.5282601427982776,0.47435700827021582,0.40768113417299612,0.54243298681190377,140,140,True,False
T5c,linear-PCA,NK,floor,shared_supported_strata,140,141,2000,0,0.26026754697437554,0.37194634610520066,0.35797084182572608,0.81160186530597156,0.77435087130132418,140,140,True,False
T5c,linear-PCA,NK,floor,full_census_strata,141,141,2000,0,0.25937691124191875,0.37122286666492454,0.35793076413327618,0.80839780522597204,0.76950422135684682,141,141,True,False
T5c,linear-PCA,T_cells,floor,shared_supported_strata,139,141,2000,0,0.33439653057895974,0.38116907209223644,0.35728661581679083,0.94456021481413344,0.9976422558043373,139,139,True,False
T5c,linear-PCA,T_cells,floor,full_census_strata,141,141,2000,0,0.33396688672837949,0.38116907209223644,0.35584212306650598,0.94456021481413344,1.0179114414061445,141,141,True,False
T5c,scFoundation,B,adapted,shared_supported_strata,140,141,2000,0,0.28640527096452528,0.39727465444523213,0.37921092960467323,0.78981047891815215,0.79195375294821335,140,140,True,False
T5c,scFoundation,B,adapted,full_census_strata,141,141,2000,0,0.28432736237110001,0.39588714778581724,0.37814487761997473,0.78673647771105781,0.78241002529169745,141,141,True,False
T5c,scFoundation,Mono,adapted,shared_supported_strata,139,140,2000,0,0.27867091575284025,0.55144957170355369,0.59120600369725151,0.44126735045110915,0.53436772385485842,139,139,True,False
T5c,scFoundation,Mono,adapted,full_census_strata,140,140,2000,0,0.27934535977652342,0.55171736018097595,0.59745182151216236,0.44053325711678282,0.53225357774646731,140,140,True,False
T5c,scFoundation,NK,adapted,shared_supported_strata,140,141,2000,0,0.37617481527934876,0.52186417943774677,0.54471423323719925,0.71868619700654923,0.73089568130807991,140,140,True,False
T5c,scFoundation,NK,adapted,full_census_strata,141,141,2000,0,0.37541572334527673,0.52127021188699152,0.5443478572153162,0.71867156120189468,0.73049446571463028,141,141,True,False
T5c,scFoundation,T_cells,adapted,shared_supported_strata,139,141,2000,0,0.3803849640150761,0.39117318762183884,0.4571583479716409,0.88173283211648201,0.91315625941225953,139,139,True,False
T5c,scFoundation,T_cells,adapted,full_census_strata,141,141,2000,0,0.37723175341393855,0.39117318762183884,0.46071147939591339,0.88173283211648201,0.92122394204524249,141,141,True,False
T5c,scGPT,B,adapted,shared_supported_strata,140,141,2000,0,0.37979819050865132,0.69941766680901418,0.70056431968470823,0.51975470662780543,0.5542552104918167,140,140,True,False
T5c,scGPT,B,adapted,full_census_strata,141,141,2000,0,0.37832336150046114,0.69783820368022587,0.69792587507689441,0.52560140901403218,0.55506829592360907,141,141,True,False
T5c,scGPT,Mono,adapted,shared_supported_strata,139,140,2000,0,0.27750848106580572,0.99165690307009779,0.99296057111369807,0.26173984343058432,0.3159971051611089,139,139,True,False
T5c,scGPT,Mono,adapted,full_census_strata,140,140,2000,0,0.27795762792024326,0.99708183846505682,0.99812798470365749,0.26095080749053745,0.31513566689259337,140,140,True,False
T5c,scGPT,NK,adapted,shared_supported_strata,140,141,2000,0,0.35026433262116285,0.8252753803698345,0.8247954463592565,0.41111739511989337,0.44451531336865424,140,140,True,False
T5c,scGPT,NK,adapted,full_census_strata,141,141,2000,0,0.34910542033592867,0.8247514935555067,0.82387825758335875,0.40716074713450118,0.44361332409082277,141,141,True,False
T5c,scGPT,T_cells,adapted,shared_supported_strata,139,141,2000,0,0.38456182791787613,0.67896325278633307,0.70811285084107567,0.53328901638128978,0.55731082772809992,139,139,True,False
T5c,scGPT,T_cells,adapted,full_census_strata,141,141,2000,0,0.3815612953192547,0.67896325278633307,0.70589336072136499,0.53328901638128978,0.57194115313409333,141,141,True,False
T5c,scGen,B,native,shared_supported_strata,140,141,2000,0,0.12785898458898345,2.3204223297598006,2.2043544257120335,0.038537887802082484,0.076297108702014102,140,140,True,False
T5c,scGen,B,native,full_census_strata,141,141,2000,0,0.1274710337643522,2.3180143153064434,2.1979460380731051,0.038343899017620413,0.075830539322026269,141,141,True,False
T5c,scGen,Mono,native,shared_supported_strata,139,140,2000,0,0.15962453904851473,1.8588993626122179,1.7180152214486453,0.076790422953312246,0.14892879579820961,139,139,True,False
T5c,scGen,Mono,native,full_census_strata,140,140,2000,0,0.15880111952560624,1.8636395905084147,1.7202228924881238,0.076400304758535043,0.14806250111896074,140,140,True,False
T5c,scGen,NK,native,shared_supported_strata,140,141,2000,0,0.24229312158617275,1.3819823916702152,1.3336745216609949,0.17650341569254074,0.20052117216306839,140,140,True,False
T5c,scGen,NK,native,full_census_strata,141,141,2000,0,0.24146676914786663,1.3814471774622366,1.3332042222730287,0.17569619470455683,0.19995108243629567,141,141,True,False
T5c,scGen,T_cells,native,shared_supported_strata,139,141,2000,0,0.19649824127679541,1.6545130760542648,1.6110050120688038,0.1054952154223978,0.13337733912067373,139,139,True,False
T5c,scGen,T_cells,native,full_census_strata,141,141,2000,1,0.19390335816238599,1.6545130760542648,1.601738804960519,,,141,140,True,True
T5c,scPRAM,B,native,shared_supported_strata,140,141,2000,0,0.18644915268862763,2.6228048554890471,2.4722862118975706,0.063581515846978437,0.091084372832282975,140,140,True,False
T5c,scPRAM,B,native,full_census_strata,141,141,2000,0,0.18596862407189854,2.6219900489362371,2.4653269853973767,0.064320562577021595,0.091011753611013574,141,141,True,False
T5c,scPRAM,Mono,native,shared_supported_strata,139,140,2000,0,0.11927664591109929,2.57438040883773,2.8379539939688967,0.048997346814931939,0.078927430834135656,139,139,True,False
T5c,scPRAM,Mono,native,full_census_strata,140,140,2000,0,0.11888603332878615,2.5635561281244739,2.8345106897700476,0.047535327269373831,0.078576849005443802,140,140,True,False
T5c,scPRAM,NK,native,shared_supported_strata,140,141,2000,0,0.21812833816833052,1.7713464012294518,1.7399706054753612,0.12777784395188121,0.15038796546772848,140,140,True,False
T5c,scPRAM,NK,native,full_census_strata,141,141,2000,0,0.2170492481548075,1.7712852313748537,1.7395020752737398,0.12753773527788256,0.14969874825545579,141,141,True,False
T5c,scPRAM,T_cells,native,shared_supported_strata,139,141,2000,0,0.20399512473107129,2.0231528324502337,1.9577434152118318,0.09311504590162975,0.10895956196234176,139,139,True,False
T5c,scPRAM,T_cells,native,full_census_strata,141,141,2000,0,0.20286322759179154,2.0231528324502337,1.9506473820101722,0.09311504590162975,0.10843808897908937,141,141,True,False
