n_train_donors,seed,eval_donor,metric,scgpt_score,primary_baseline,baseline_score,delta_vs_primary,best_mmd,n_train_cells,n_test,n_ctrl,n_response_genes,fit_sec
8,0,D353,pearson_delta,0.2578,cell-mean,0.2556,0.0022,,9600,583,600,50,270.9
8,0,D353,e_distance,6.6589,donor-shift,6.5811,-0.0778,,9600,583,600,50,270.9
8,0,D353,aucell_delta_score,-0.0197,donor-shift,-0.0228,0.0031,,9600,583,600,50,270.9
8,0,D411,pearson_delta,0.1408,cell-mean,0.1326,0.0082,,9600,600,600,50,262.8
8,0,D411,e_distance,5.0131,donor-shift,4.9471,-0.0661,,9600,600,600,50,262.8
8,0,D411,aucell_delta_score,-0.0223,donor-shift,-0.0223,0.0,,9600,600,600,50,262.8
8,0,D431,pearson_delta,0.2978,cell-mean,0.3291,-0.0313,,9600,600,600,50,261.3
8,0,D431,e_distance,5.6293,cell-mean,5.5963,-0.033,,9600,600,600,50,261.3
8,0,D431,aucell_delta_score,-0.0255,cell-mean,-0.046,0.0205,,9600,600,600,50,261.3
8,0,D484,pearson_delta,0.2074,cell-mean,0.19,0.0175,,9600,600,600,50,259.8
8,0,D484,e_distance,5.5404,cell-mean,5.5882,0.0478,,9600,600,600,50,259.8
8,0,D484,aucell_delta_score,-0.0232,donor-shift,-0.0232,0.0,,9600,600,600,50,259.8
16,0,D353,pearson_delta,0.2606,cell-mean,0.246,0.0146,,17938,583,600,60,447.1
16,0,D353,e_distance,6.5659,donor-shift,6.5157,-0.0502,,17938,583,600,60,447.1
16,0,D353,aucell_delta_score,-0.0197,cell-mean,-0.0438,0.0241,,17938,583,600,60,447.1
16,0,D411,pearson_delta,0.1644,cell-mean,0.2276,-0.0632,,17938,600,600,60,451.0
16,0,D411,e_distance,4.9069,donor-shift,4.815,-0.0919,,17938,600,600,60,451.0
16,0,D411,aucell_delta_score,-0.0223,donor-shift,-0.0355,0.0132,,17938,600,600,60,451.0
16,0,D431,pearson_delta,0.2601,cell-mean,0.232,0.0281,,17938,600,600,60,426.9
16,0,D431,e_distance,5.6015,cell-mean,5.6701,0.0686,,17938,600,600,60,426.9
16,0,D431,aucell_delta_score,-0.0182,cell-mean,-0.0456,0.0274,,17938,600,600,60,426.9
16,0,D484,pearson_delta,0.2592,cell-mean,0.2668,-0.0076,,17938,600,600,60,440.3
16,0,D484,e_distance,5.4687,cell-mean,5.4685,-0.0002,,17938,600,600,60,440.3
16,0,D484,aucell_delta_score,-0.0232,donor-shift,-0.033,0.0098,,17938,600,600,60,440.3
32,0,D353,pearson_delta,0.2399,cell-mean,0.2374,0.0025,,37362,583,600,50,422.6
32,0,D353,e_distance,6.5358,donor-shift,6.4852,-0.0506,,37362,583,600,50,422.6
32,0,D353,aucell_delta_score,-0.0197,donor-shift,-0.0386,0.0188,,37362,583,600,50,422.6
32,0,D411,pearson_delta,0.1802,cell-mean,0.1841,-0.0039,,37362,600,600,50,429.0
32,0,D411,e_distance,5.0744,donor-shift,4.9107,-0.1636,,37362,600,600,50,429.0
32,0,D411,aucell_delta_score,-0.0223,donor-shift,-0.0223,0.0,,37362,600,600,50,429.0
32,0,D431,pearson_delta,0.2561,cell-mean,0.2513,0.0047,,37362,600,600,50,430.6
32,0,D431,e_distance,5.6493,cell-mean,5.6639,0.0147,,37362,600,600,50,430.6
32,0,D431,aucell_delta_score,-0.0182,cell-mean,-0.053,0.0348,,37362,600,600,50,430.6
32,0,D484,pearson_delta,0.2124,cell-mean,0.2006,0.0118,,37362,600,600,50,404.4
32,0,D484,e_distance,5.5353,cell-mean,5.5462,0.0109,,37362,600,600,50,404.4
32,0,D484,aucell_delta_score,-0.0232,donor-shift,-0.0232,0.0,,37362,600,600,50,404.4
64,0,D353,pearson_delta,0.2483,cell-mean,0.2467,0.0017,,73368,583,600,50,405.7
64,0,D353,e_distance,6.4852,donor-shift,6.4723,-0.0129,,73368,583,600,50,405.7
64,0,D353,aucell_delta_score,-0.0197,cell-mean,-0.0197,0.0,,73368,583,600,50,405.7
64,0,D411,pearson_delta,0.1487,cell-mean,0.1511,-0.0023,,73368,600,600,50,609.3
64,0,D411,e_distance,5.0174,donor-shift,4.8344,-0.1831,,73368,600,600,50,609.3
64,0,D411,aucell_delta_score,-0.0223,cell-mean,-0.0223,0.0,,73368,600,600,50,609.3
64,0,D431,pearson_delta,0.2495,cell-mean,0.2463,0.0033,,73368,600,600,50,529.2
64,0,D431,e_distance,5.473,cell-mean,5.4743,0.0013,,73368,600,600,50,529.2
64,0,D431,aucell_delta_score,-0.0182,cell-mean,-0.0182,0.0,,73368,600,600,50,529.2
64,0,D484,pearson_delta,0.2027,cell-mean,0.2087,-0.006,,73368,600,600,50,468.7
64,0,D484,e_distance,5.4491,cell-mean,5.4238,-0.0252,,73368,600,600,50,468.7
64,0,D484,aucell_delta_score,-0.0232,cell-mean,-0.0232,0.0,,73368,600,600,50,468.7
96,0,D353,pearson_delta,0.2684,cell-mean,0.2691,-0.0007,,110147,583,600,74,496.0
96,0,D353,e_distance,6.5376,donor-shift,6.4852,-0.0524,,110147,583,600,74,496.0
96,0,D353,aucell_delta_score,-0.0197,donor-shift,-0.0333,0.0136,,110147,583,600,74,496.0
96,0,D411,pearson_delta,0.1699,cell-mean,0.1822,-0.0123,,110147,600,600,74,444.3
96,0,D411,e_distance,4.9943,donor-shift,4.8529,-0.1414,,110147,600,600,74,444.3
96,0,D411,aucell_delta_score,-0.0223,donor-shift,-0.0223,0.0,,110147,600,600,74,444.3
96,0,D431,pearson_delta,0.2563,cell-mean,0.2502,0.0061,,110147,600,600,74,480.3
96,0,D431,e_distance,5.5153,cell-mean,5.5356,0.0203,,110147,600,600,74,480.3
96,0,D431,aucell_delta_score,-0.0255,donor-shift,-0.065,0.0395,,110147,600,600,74,480.3
96,0,D484,pearson_delta,0.2397,cell-mean,0.2507,-0.0111,,110147,600,600,74,459.3
96,0,D484,e_distance,5.4832,cell-mean,5.4851,0.0019,,110147,600,600,74,459.3
96,0,D484,aucell_delta_score,-0.0232,donor-shift,-0.0232,0.0,,110147,600,600,74,459.3
