baseline,family,split,action,ran,leak_free,n_train,n_test,n_test_strata,pearson_delta,pearson_delta_lo,pearson_delta_hi,e_distance,error,reason,unit
SCREEN,,C2_lodo_D351,failed,False,,,,,,,,,"ValueError: Input X contains NaN.
PCA does not accept missing values encoded as NaN natively. For supervised learning, you might want to consider sklearn.ensemble.HistGradientBoostingClassifier and Regressor which accept missing values encoded as NaNs natively. Alternatively, it is possible to preprocess the data, for instance by using an imputer transformer in a pipeline or drop samples with missing values. See https://scikit-learn.org/stable/modules/impute.html You can find a list of all estimators that handle NaN values at the following page: https://scikit-learn.org/stable/modules/impute.html#estimators-that-handle-nan-values",,D351
SCREEN,,C2_lodo_D355,failed,False,,,,,,,,,"ValueError: Input X contains NaN.
PCA does not accept missing values encoded as NaN natively. For supervised learning, you might want to consider sklearn.ensemble.HistGradientBoostingClassifier and Regressor which accept missing values encoded as NaNs natively. Alternatively, it is possible to preprocess the data, for instance by using an imputer transformer in a pipeline or drop samples with missing values. See https://scikit-learn.org/stable/modules/impute.html You can find a list of all estimators that handle NaN values at the following page: https://scikit-learn.org/stable/modules/impute.html#estimators-that-handle-nan-values",,D355
SCREEN,,C2_lodo_D359,failed,False,,,,,,,,,"ValueError: Input X contains NaN.
PCA does not accept missing values encoded as NaN natively. For supervised learning, you might want to consider sklearn.ensemble.HistGradientBoostingClassifier and Regressor which accept missing values encoded as NaNs natively. Alternatively, it is possible to preprocess the data, for instance by using an imputer transformer in a pipeline or drop samples with missing values. See https://scikit-learn.org/stable/modules/impute.html You can find a list of all estimators that handle NaN values at the following page: https://scikit-learn.org/stable/modules/impute.html#estimators-that-handle-nan-values",,D359
SCREEN,ot,C2_lodo_D366,run_headline,True,True,119980.0,534.0,2.0,0.07528768014162779,-0.008881742134690285,0.15945710241794586,6.598490299894709,,,D366
SCREEN,ot,C2_lodo_D370,run_headline,True,True,119914.0,600.0,2.0,0.14422069489955902,-0.11773931980133057,0.4061807096004486,5.965529090230907,,,D370
SCREEN,,C2_lodo_D374,failed,False,,,,,,,,,"ValueError: Input X contains NaN.
PCA does not accept missing values encoded as NaN natively. For supervised learning, you might want to consider sklearn.ensemble.HistGradientBoostingClassifier and Regressor which accept missing values encoded as NaNs natively. Alternatively, it is possible to preprocess the data, for instance by using an imputer transformer in a pipeline or drop samples with missing values. See https://scikit-learn.org/stable/modules/impute.html You can find a list of all estimators that handle NaN values at the following page: https://scikit-learn.org/stable/modules/impute.html#estimators-that-handle-nan-values",,D374
SCREEN,,C2_lodo_D381,failed,False,,,,,,,,,"ValueError: Input X contains NaN.
PCA does not accept missing values encoded as NaN natively. For supervised learning, you might want to consider sklearn.ensemble.HistGradientBoostingClassifier and Regressor which accept missing values encoded as NaNs natively. Alternatively, it is possible to preprocess the data, for instance by using an imputer transformer in a pipeline or drop samples with missing values. See https://scikit-learn.org/stable/modules/impute.html You can find a list of all estimators that handle NaN values at the following page: https://scikit-learn.org/stable/modules/impute.html#estimators-that-handle-nan-values",,D381
