task_key,cluster,task_name,task_split,family,role,family_baselines,scored_member,status,unit,n_unit,metric,binding_floor,floor,model_score,best_model_gap,ci_low,ci_high,margin_min,margin_max,units_above_floor,inference,evidence,member_selection,interpretation
T1,C1,cytokine/Kang,cell-context (LOCT),Flow,conditioned,CellFlow,CellFlow,native,lineage,8,pearson_delta,linear-PCA,0.7803340183986434,0.798473897664409,0.01813987926576567,-0.011111182524546,0.05080124781388423,-0.045993833964486974,0.10615542864672589,4/8,bootstrap 95% CI,inconclusive (interval spans zero),retrospective maximum task-macro score,descriptive; member and floor held fixed; no selection or multiplicity correction
T1,C1,cytokine/Kang,cell-context (LOCT),Foundation,conditioned,scFoundation;scGPT,scFoundation,adapted,lineage,8,pearson_delta,linear-PCA,0.7803340183986434,0.6773348390507976,-0.10299917934784573,-0.13437673468909433,-0.07349494654464284,-0.18741475848350764,-0.038783191915013004,0/8,bootstrap 95% CI,negative margin CI (unadjusted),retrospective maximum task-macro score,descriptive; member and floor held fixed; no selection or multiplicity correction
T1,C1,cytokine/Kang,cell-context (LOCT),Hybrid,conditioned,STATE,STATE,native,lineage,8,pearson_delta,linear-PCA,0.7803340183986434,0.7081211484055274,-0.07221286999311588,-0.10213279401086531,-0.0444941308198786,-0.1500914717052767,-0.006558647739942081,0/8,bootstrap 95% CI,negative margin CI (unadjusted),retrospective maximum task-macro score,descriptive; member and floor held fixed; no selection or multiplicity correction
T1,C1,cytokine/Kang,cell-context (LOCT),Latent,conditioned,Biolord;scGen,scGen,native,lineage,8,pearson_delta,linear-PCA,0.7803340183986434,0.7496655437905164,-0.03066847460812694,-0.06001912245235788,0.0004035620952833052,-0.09073671696518237,0.0507260366150839,2/8,bootstrap 95% CI,inconclusive (interval spans zero),retrospective maximum task-macro score,descriptive; member and floor held fixed; no selection or multiplicity correction
T1,C1,cytokine/Kang,cell-context (LOCT),OT,conditioned,CellOT;scPRAM,CellOT,native,lineage,8,pearson_delta,linear-PCA,0.7803340183986434,0.7865032952386336,0.006169276839990218,-0.023757387774505135,0.038222939572145204,-0.04624361503930419,0.09397650160421556,4/8,bootstrap 95% CI,inconclusive (interval spans zero),retrospective maximum task-macro score,descriptive; member and floor held fixed; no selection or multiplicity correction
T2,C2,donor/Soskic,donor (LODO),Flow,conditioned,CellFlow,CellFlow,native,donor,106,pearson_delta,cell-mean,0.25981503890705626,0.23734418502622434,-0.022470853880831927,-0.03322172992719194,-0.01137749754547592,-0.16039636062176,0.12922228763219387,33/106,bootstrap 95% CI,negative margin CI (unadjusted),retrospective maximum task-macro score,descriptive; member and floor held fixed; no selection or multiplicity correction
T2,C2,donor/Soskic,donor (LODO),Foundation,conditioned,scFoundation;scGPT,scGPT,adapted,donor,106,pearson_delta,cell-mean,0.25981503890705626,0.25008940023910714,-0.009725638667949097,-0.01153668151697009,-0.007974710467837265,-0.045163305543996,0.015240851784571657,13/106,bootstrap 95% CI,negative margin CI (unadjusted),retrospective maximum task-macro score,descriptive; member and floor held fixed; no selection or multiplicity correction
T2,C2,donor/Soskic,donor (LODO),Hybrid,conditioned,PertAdapt;STATE,PertAdapt,native,donor,106,pearson_delta,cell-mean,0.25981503890705626,0.2196314708060061,-0.04018356810105015,-0.05254677045222183,-0.02767612848665684,-0.2048714324649282,0.2143253294658319,23/106,bootstrap 95% CI,negative margin CI (unadjusted),retrospective maximum task-macro score,descriptive; member and floor held fixed; no selection or multiplicity correction
T2,C2,donor/Soskic,donor (LODO),Latent,conditioned,Biolord;scGen,scGen,native,donor,106,pearson_delta,cell-mean,0.25981503890705626,0.1470496063706489,-0.11276543253640733,-0.12785543655219528,-0.09942933110838881,-0.4493247805743236,0.06761058121037904,5/106,bootstrap 95% CI,negative margin CI (unadjusted),retrospective maximum task-macro score,descriptive; member and floor held fixed; no selection or multiplicity correction
T2,C2,donor/Soskic,donor (LODO),OT,conditioned,CellOT;scPRAM,CellOT,native,donor,106,pearson_delta,cell-mean,0.25981503890705626,0.36662529237486785,0.1068102534678117,0.08570356640303138,0.1284731465628966,-0.27260943959425343,0.4734580430545481,93/106,bootstrap 95% CI,positive margin CI (unadjusted),retrospective maximum task-macro score,descriptive; member and floor held fixed; no selection or multiplicity correction
T3,C3,gene/CRISPR,unseen-perturbation (LO-gene 10%),Flow,conditioned,CellFlow;PerturbNet,PerturbNet,native,dataset,5,pearson_delta,cell-mean,0.493731607053064,0.36169304334146235,-0.13203856371160175,,,-0.19599196717008555,0.005477182119676904,1/5,per-unit range (n = 5; CI not reported),mixed unit margins (descriptive),retrospective maximum task-macro score,descriptive; member and floor held fixed; no selection or multiplicity correction
T3,C3,gene/CRISPR,unseen-perturbation (LO-gene 10%),Foundation,conditioned,scGPT,scGPT,native,dataset,5,pearson_delta,cell-mean,0.493731607053064,0.1653525583486745,-0.32837904870438955,,,-0.6224678200605855,-0.1302208040673492,0/5,per-unit range (n = 5; CI not reported),negative in all units (descriptive),retrospective maximum task-macro score,descriptive; member and floor held fixed; no selection or multiplicity correction
T3,C3,gene/CRISPR,unseen-perturbation (LO-gene 10%),Graph,conditioned,AttentionPert;GEARS,AttentionPert,native,dataset,5,pearson_delta,cell-mean,0.493731607053064,0.22690412508947685,-0.2668274819635872,,,-0.32687463573643183,-0.12536222094089866,0/5,per-unit range (n = 5; CI not reported),negative in all units (descriptive),retrospective maximum task-macro score,descriptive; member and floor held fixed; no selection or multiplicity correction
T3,C3,gene/CRISPR,unseen-perturbation (LO-gene 10%),Latent,conditioned,Biolord,Biolord,native,dataset,5,pearson_delta,cell-mean,0.493731607053064,0.3941136139248484,-0.09961799312821565,,,-0.1378745170425329,0.042334469244816264,1/5,per-unit range (n = 5; CI not reported),mixed unit margins (descriptive),retrospective maximum task-macro score,descriptive; member and floor held fixed; no selection or multiplicity correction
T3,C3,gene/CRISPR,unseen-perturbation (LO-gene 10%),OT,diagnostic: CINEMA-OT,CINEMA-OT,CINEMA-OT,diagnostic,dataset,5,pearson_delta,cell-mean,0.493731607053064,0.4578647190595113,-0.03586688799355272,,,-0.06082783316742063,-0.0026873753462938743,0/5,per-unit range (n = 5; CI not reported),negative in all units (descriptive),retrospective maximum task-macro score,descriptive; member and floor held fixed; no selection or multiplicity correction
T4,C4,complex/Frangieh,"unseen-KO (modality, RNA)",Deterministic shift,diagnostic: linear-shift-KOemb,linear-shift-KOemb,linear-shift-KOemb,diagnostic,modality-fold,2,pearson_delta,cell-mean,0.6612302920706715,0.617673734348777,-0.04355655772189443,,,-0.054662571140709604,-0.032450544303079254,0/2,per-unit range (n = 2; CI not reported),negative in all units (descriptive),retrospective maximum task-macro score,descriptive; member and floor held fixed; no selection or multiplicity correction
T4,C4,complex/Frangieh,"unseen-KO (modality, RNA)",Flow,conditioned,CellFlow;PerturbNet,PerturbNet,native,modality-fold,2,pearson_delta,cell-mean,0.6612302920706715,0.5981257562295912,-0.06310453584108033,,,-0.06536658008255547,-0.0608424915996052,0/2,per-unit range (n = 2; CI not reported),negative in all units (descriptive),retrospective maximum task-macro score,descriptive; member and floor held fixed; no selection or multiplicity correction
T4,C4,complex/Frangieh,"unseen-KO (modality, RNA)",Foundation,conditioned,scGPT,scGPT,native,modality-fold,2,pearson_delta,cell-mean,0.6612302920706715,0.5568108406678284,-0.10441945140284314,,,-0.10929722550315768,-0.09954167730252861,0/2,per-unit range (n = 2; CI not reported),negative in all units (descriptive),retrospective maximum task-macro score,descriptive; member and floor held fixed; no selection or multiplicity correction
T4,C4,complex/Frangieh,"unseen-KO (modality, RNA)",Graph,conditioned,AttentionPert;GEARS,AttentionPert,native,modality-fold,2,pearson_delta,cell-mean,0.6612302920706715,0.5079323094470054,-0.15329798262366617,,,-0.15772124944302857,-0.14887471580430378,0/2,per-unit range (n = 2; CI not reported),negative in all units (descriptive),retrospective maximum task-macro score,descriptive; member and floor held fixed; no selection or multiplicity correction
T4,C4,complex/Frangieh,"unseen-KO (modality, RNA)",Latent,conditioned,Biolord,Biolord,native,modality-fold,2,pearson_delta,cell-mean,0.6612302920706715,0.612772612765668,-0.048457679305003554,,,-0.05142089532236316,-0.04549446328764395,0/2,per-unit range (n = 2; CI not reported),negative in all units (descriptive),retrospective maximum task-macro score,descriptive; member and floor held fixed; no selection or multiplicity correction
T5u,C5,small-mol/OP3,unseen-compound,Chemistry,conditioned,PRnet,PRnet,native,compound,28,pearson_delta,cell-mean,0.17217958258837587,0.13430073623254726,-0.037878846355828624,-0.052259643314289825,-0.023170484145510154,-0.1217063583801675,0.038159914555438545,6/28,bootstrap 95% CI,negative margin CI (unadjusted),retrospective maximum task-macro score,descriptive; member and floor held fixed; no selection or multiplicity correction
T5u,C5,small-mol/OP3,unseen-compound,Chemistry,diagnostic: FP-ridge,FP-ridge,FP-ridge,diagnostic,compound,28,pearson_delta,cell-mean,0.17217958258837587,0.1642003833460359,-0.00797919924233997,-0.030822678884539247,0.018930824833357847,-0.1098656610444349,0.250186318413312,7/28,bootstrap 95% CI,inconclusive (interval spans zero),retrospective maximum task-macro score,descriptive; member and floor held fixed; no selection or multiplicity correction
T5u,C5,small-mol/OP3,unseen-compound,Flow,conditioned,CellFlow;PerturbNet,CellFlow,native,compound,28,pearson_delta,cell-mean,0.17217958258837587,0.16610773952742774,-0.006071843060948136,-0.01851484180120305,0.00802962076619857,-0.05911533396149624,0.12331118689616463,9/28,bootstrap 95% CI,inconclusive (interval spans zero),retrospective maximum task-macro score,descriptive; member and floor held fixed; no selection or multiplicity correction
T5u,C5,small-mol/OP3,unseen-compound,Latent,conditioned,Biolord;CPA,Biolord,native,compound,28,pearson_delta,cell-mean,0.17217958258837587,0.1266751625002205,-0.04550442008815536,-0.07685157059927948,-0.004806396160152789,-0.16931618024503553,0.40858679912466256,5/28,bootstrap 95% CI,negative margin CI (unadjusted),retrospective maximum task-macro score,descriptive; member and floor held fixed; no selection or multiplicity correction
T5u,C5,small-mol/OP3,unseen-compound,OT,diagnostic: CINEMA-OT,CINEMA-OT,CINEMA-OT,diagnostic,compound,28,pearson_delta,cell-mean,0.17217958258837587,0.17181998694360803,-0.00035959564476784403,-0.0018795728082216957,0.0016082638966125457,-0.006072494379361859,0.019891938789442926,9/28,bootstrap 95% CI,inconclusive (interval spans zero),retrospective maximum task-macro score,descriptive; member and floor held fixed; no selection or multiplicity correction
T5c,C5,small-mol/OP3,cell-context (LOCT),Chemistry,conditioned,PRnet,PRnet,native,lineage,4,pearson_delta,linear-PCA,0.2694297537764211,0.09443091810221138,-0.1749988356742097,,,-0.208731229709739,-0.14343823830248525,0/4,per-unit range (n = 4; CI not reported),negative in all units (descriptive),retrospective maximum task-macro score,descriptive; member and floor held fixed; no selection or multiplicity correction
T5c,C5,small-mol/OP3,cell-context (LOCT),Chemistry,diagnostic: FP-ridge,FP-ridge,FP-ridge,diagnostic,lineage,4,pearson_delta,linear-PCA,0.2694297537764211,0.38744925741192343,0.11801950363550237,,,0.10473701007474301,0.1304307331243389,4/4,per-unit range (n = 4; CI not reported),positive in all units (descriptive),retrospective maximum task-macro score,descriptive; member and floor held fixed; no selection or multiplicity correction
T5c,C5,small-mol/OP3,cell-context (LOCT),Flow,conditioned,CellFlow,CellFlow,native,lineage,4,pearson_delta,linear-PCA,0.2694297537764211,0.1038204612370675,-0.1656092925393536,,,-0.19941239817871745,-0.11605540827713758,0/4,per-unit range (n = 4; CI not reported),negative in all units (descriptive),retrospective maximum task-macro score,descriptive; member and floor held fixed; no selection or multiplicity correction
T5c,C5,small-mol/OP3,cell-context (LOCT),Foundation,conditioned,scFoundation;scGPT,scFoundation,adapted,lineage,4,pearson_delta,linear-PCA,0.2694297537764211,0.055151361950675104,-0.214278391825746,,,-0.2572364055149917,-0.1256940131805941,0/4,per-unit range (n = 4; CI not reported),negative in all units (descriptive),retrospective maximum task-macro score,descriptive; member and floor held fixed; no selection or multiplicity correction
T5c,C5,small-mol/OP3,cell-context (LOCT),Latent,conditioned,Biolord,Biolord,native,lineage,4,pearson_delta,linear-PCA,0.2694297537764211,0.07870502441583836,-0.19072472936058274,,,-0.2518355656518215,-0.12238818799037296,0/4,per-unit range (n = 4; CI not reported),negative in all units (descriptive),retrospective maximum task-macro score,descriptive; member and floor held fixed; no selection or multiplicity correction
T5c,C5,small-mol/OP3,cell-context (LOCT),OT,conditioned,CellOT;scPRAM,CellOT,native,lineage,4,pearson_delta,linear-PCA,0.2694297537764211,0.10148818994753454,-0.1679415638288866,,,-0.2399090903204376,-0.09523549461433581,0/4,per-unit range (n = 4; CI not reported),negative in all units (descriptive),retrospective maximum task-macro score,descriptive; member and floor held fixed; no selection or multiplicity correction
T5c,C5,small-mol/OP3,cell-context (LOCT),OT,diagnostic: CINEMA-OT,CINEMA-OT,CINEMA-OT,diagnostic,lineage,4,pearson_delta,linear-PCA,0.2694297537764211,0.2533158068911881,-0.016113946885232988,,,-0.035088326711987194,0.0052342246320424834,1/4,per-unit range (n = 4; CI not reported),mixed unit margins (descriptive),retrospective maximum task-macro score,descriptive; member and floor held fixed; no selection or multiplicity correction
