task_key,unit,independent_control_r,shared_control_r
T1,B,0.8083851956167388,0.827057482070433
T1,CD4T,0.7541247250520418,0.7776673950472544
T1,CD8T,0.6181628373681848,0.6447884791564716
T1,DC,0.7634349615622797,0.7840750090230693
T1,Mk,0.2976576723693768,0.35371303631494927
T1,Mono_CD14,0.9500554637082635,0.9560898009693368
T1,Mono_FCGR3A,0.8982104617269074,0.9083450604482255
T1,NK,0.7360815992080532,0.7597123253816673
T2,D348,0.5517104603299573,0.6653952522560783
T2,D349,0.5896442286959998,0.7090662755406392
T2,D350,0.5456031415057819,0.6557423609614638
T2,D351,0.5216102117443259,0.6511007234270297
T2,D352,0.6466794776664568,0.7382844271510848
T2,D353,0.6039498207621476,0.7101209885033153
T2,D354,0.5768487867520593,0.7217944583500242
T2,D355,0.6335123142983293,0.7571891714551071
T2,D356,0.5768165548469691,0.7093155810072688
T2,D357,0.5957011661855367,0.6985116221042285
T2,D358,0.6206917764484481,0.7359782723951123
T2,D359,0.6909613568813017,0.7868025496834539
T2,D363,0.5802467697778472,0.7180338819578383
T2,D364,0.6212851638911482,0.7368360478495737
T2,D365,0.6575007978532564,0.7708654657438524
T2,D366,0.7238558122268666,0.807937995293255
T2,D367,0.5987524167297709,0.7210215364660145
T2,D368,0.6048645173165352,0.7155020236404138
T2,D369,0.6035370677393251,0.7098237526000134
T2,D370,0.5927965690624862,0.7080260765026221
T2,D371,0.6484862497771103,0.7392563550906011
T2,D372,0.6776506507818673,0.7634702487908785
T2,D373,0.6617725407322583,0.7557631082734865
T2,D374,0.7056308045999464,0.7951005501984355
T2,D378,0.4207341617744387,0.5133612089705599
T2,D379,0.5129893899150244,0.5919544072464771
T2,D380,0.6056352768166708,0.6724730711035952
T2,D381,0.47265913298227863,0.5532501770586349
T2,D382,0.6312513241948201,0.7342492879922224
T2,D383,0.2936966480433242,0.3709941618595645
T2,D387,0.45595477574811644,0.5715498545158985
T2,D388,0.5872131162004339,0.7014560977099952
T2,D389,0.5826667742677443,0.6956673501878637
T2,D390,0.4885820168283813,0.6088585765893431
T2,D391,0.6032204692563867,0.7102082610692286
T2,D392,0.5166580751618676,0.6429237495251497
T2,D393,0.5868810177531251,0.7279809749497531
T2,D394,0.6267516051756312,0.7635607673850587
T2,D395,0.5820860716943708,0.7138420108293937
T2,D396,0.6594842320939545,0.7675466656192047
T2,D397,0.6073800422916567,0.7423432348228961
T2,D398,0.6427023116867585,0.7637714160998759
T2,D405,0.5433703175264422,0.680519474453678
T2,D406,0.5119929616861687,0.6525833371457166
T2,D407,0.6201845092535965,0.7407449193119545
T2,D408,0.6489261840999654,0.7599958271053893
T2,D409,0.5601577179303826,0.6956018635762313
T2,D410,0.5450050138390854,0.6777173412821859
T2,D411,0.6315860261319837,0.7417557593321815
T2,D412,0.6199804307459954,0.7278862249090359
T2,D413,0.5814549380530871,0.6973444590855368
T2,D414,0.6288573713428982,0.7407724480961302
T2,D415,0.6637536286953893,0.7637592692904851
T2,D416,0.34091335767319764,0.42247784894214674
T2,D417,0.374743564839712,0.483055404866532
T2,D418,0.5322046536882881,0.6298649890396324
T2,D419,0.45296991863377556,0.5576033490346832
T2,D420,0.4852905985558644,0.5733769598996962
T2,D421,0.7542803376954297,0.8432729551713964
T2,D422,0.7596309977680247,0.8508219033683123
T2,D423,0.9276938735443316,0.9533274018375112
T2,D424,0.7721259841147166,0.857582852429644
T2,D425,0.7506794485954574,0.8326129161508237
T2,D426,0.7346426357993798,0.8098483451991938
T2,D427,0.7279922409852677,0.8109037032990325
T2,D428,0.6876663407352226,0.76180401408409
T2,D429,0.6738254213390645,0.7667399853035473
T2,D430,0.7189050514472576,0.806810000690535
T2,D431,0.6904778806557708,0.7771497469548765
T2,D432,0.6087119308905382,0.7155857817114075
T2,D433,0.6608057289802817,0.7503685517020793
T2,D434,0.5525786780826912,0.6438802806577589
T2,D435,0.5291057832977974,0.6534817569614496
T2,D436,0.6018377885794001,0.7076587274600709
T2,D439,0.6260487362171239,0.7214722390900699
T2,D440,0.6281792673164506,0.7330926071711775
T2,D441,0.59376013859561,0.7048611414249548
T2,D442,0.6437117751161877,0.746782333497275
T2,D443,0.6595772915960245,0.7612804047692812
T2,D445,0.6730125907523494,0.7757426979813553
T2,D446,0.6343874274240762,0.7563040511623389
T2,D447,0.8551540832566933,0.9068872048602392
T2,D448,0.6821296772358229,0.7793098427680125
T2,D449,0.6245214335249603,0.7500341411420717
T2,D450,0.5810880534150417,0.7020502174537095
T2,D451,0.590333893852778,0.7118531793646895
T2,D452,0.581500124041689,0.7056621679878493
T2,D453,0.5743683815361154,0.7041926548489639
T2,D454,0.4052828543813408,0.6428351265962631
T2,D455,0.6645098595756931,0.7535351146310985
T2,D456,0.5625974314148878,0.6849213792139253
T2,D457,0.5713464463876559,0.6969688805943288
T2,D458,0.507413105141135,0.6624800762181808
T2,D459,0.6901672866504498,0.7890291348216163
T2,D460,0.5500662362576627,0.6858574417560092
T2,D461,0.5973399998094342,0.7032303765111798
T2,D462,0.5887616640847231,0.6906115873947989
T2,D463,0.6247614573916032,0.7279617530538478
T2,D464,0.5419028338619518,0.6543856327785453
T2,D465,0.5666995166260785,0.674933073582347
T2,D466,0.5506427932592297,0.6715312541721099
T2,D481,0.5970546542996761,0.7179799165066678
T2,D482,0.5476543734048644,0.6823724364866031
T2,D483,0.5627178589914499,0.697638680174105
T2,D484,0.6842066191004595,0.7876654690660487
T2,D485,0.6473139969677653,0.751798083579643
T3,chen,0.28087367157612664,0.40907732164931593
T3,mccutcheon_CRISPRa,0.34872657431640214,0.5978392391563797
T3,mccutcheon_CRISPRi,0.19032121067408428,0.4824794079607597
T3,schmidt,0.37928051549466285,0.6019946654781425
T3,shifrut,0.02804653055401395,0.12516336462085653
T4,C4_modality_lo_ko_25,0.020103783800938704,0.32611496011756397
T4,C4_modality_lo_ko_50,0.03735145578199197,0.33782373827960344
T5c,B,0.3727715591288547,0.4839324537668158
T5c,Mono,0.573477875582138,0.6528758390439201
T5c,NK,0.2878250931413628,0.3942512341883532
T5c,T_cells,0.3162336243386554,0.4355248199417858
T5u,perturbation=5-(9-Isopropyl-8-methyl-2-morpholino-9H-purin-6-yl)pyrimidin-2-amine,0.8589080682478883,0.8673739415702915
T5u,perturbation=ABT-199 (GDC-0199),0.8134951774347547,0.8227778088892549
T5u,perturbation=AT 7867,0.860284334477745,0.870495188816456
T5u,perturbation=AZD3514,0.8473641609501572,0.8579440879319519
T5u,perturbation=BMS-536924,0.869690271067536,0.8784682084127242
T5u,perturbation=Cabozantinib,0.8499436059830414,0.8605854210223046
T5u,perturbation=Clomipramine,0.8635619010279786,0.8734848001632407
T5u,perturbation=Clotrimazole,0.8486550678949616,0.8590110595314795
T5u,perturbation=GSK-1070916,0.8583054262143703,0.8684811729484685
T5u,perturbation=HYDROXYUREA,0.8471163648045827,0.8568283241215034
T5u,perturbation=IN1451,0.8361238159771495,0.8420015346768455
T5u,perturbation=LY2090314,0.8823835004935474,0.8916633874162477
T5u,perturbation=Lapatinib,0.8614643009214817,0.8716453831217224
T5u,perturbation=Masitinib,0.86241476224017,0.8724196899621188
T5u,perturbation=Mometasone Furoate,0.861916454956626,0.8706522513383211
T5u,perturbation=Navitoclax,0.8247491412330026,0.833998192328029
T5u,perturbation=PRT-062607,0.8620633843130028,0.8712272464809075
T5u,perturbation=Perhexiline,0.851576991900174,0.8604136242081989
T5u,perturbation=Pitavastatin Calcium,0.8750375936493884,0.8844396558455682
T5u,perturbation=Proscillaridin A;Proscillaridin-A,0.9163819024579231,0.9230836371740883
T5u,perturbation=Ricolinostat,0.8436477826037134,0.8543099049371254
T5u,perturbation=SCH-58261,0.853145920273525,0.8631713263994887
T5u,perturbation=Selumetinib,0.8461910352476929,0.8558942120870106
T5u,perturbation=TL_HRAS26,0.8604954731583205,0.8705753797350606
T5u,perturbation=Tivozanib,0.8630010959734026,0.8727739812451769
T5u,perturbation=Topotecan,0.851531394600394,0.8621116507270774
T5u,perturbation=Vorinostat,0.8547150220485085,0.8647175289550856
T5u,perturbation=YK 4-279,0.8481060390699127,0.8585021555803213
