cluster,dataset,modality,split,baseline,family,action,headline_eligible,registry_task,pearson_delta,pearson_delta_ontarget,e_distance,aucell_program_corr,aucell::type_i_ifn,ran
C1,kang_GSE96583,,C1_lodo_101,CPA,latent,run_headline,True,C1_LOCT,0.6595053672790527,0.6595053672790527,20.18355423720184,0.0,0.0,True
C1,kang_GSE96583,,C1_lodo_101,cell-mean,simple,run_headline,True,C1_LOCT,0.6732544451951981,0.6732544451951981,20.150431164509527,0.0,0.0,True
C1,kang_GSE96583,,C1_lodo_101,ctrl-pred,simple,run_headline,True,C1_LOCT,0.00843779623392038,0.00843779623392038,27.9795415011736,0.0,0.0,True
C1,kang_GSE96583,,C1_lodo_101,donor-shift,simple,run_headline,True,C1_LOCT,0.666316032409668,0.666316032409668,20.09212203520034,0.0,0.0,True
C1,kang_GSE96583,,C1_lodo_101,linear-PCA,simple,run_headline,True,C1_LOCT,0.6659144312143326,0.6659144312143326,20.092120914181848,0.0,0.0,True
C1,kang_GSE96583,,C1_lodo_101,scGen,latent,run_headline,True,C1_LOCT,0.6689054742455482,0.6689054742455482,20.173015494563927,0.0,0.0,True
C1,kang_GSE96583,,C1_lodo_1015,CPA,latent,run_headline,True,C1_LOCT,0.6920121908187866,0.6920121908187866,19.29480268417828,0.0,0.0,True
C1,kang_GSE96583,,C1_lodo_1015,cell-mean,simple,run_headline,True,C1_LOCT,0.7089361250400543,0.7089361250400543,19.11025343116787,0.0,0.0,True
C1,kang_GSE96583,,C1_lodo_1015,ctrl-pred,simple,run_headline,True,C1_LOCT,-0.017618864236283116,-0.017618864236283116,27.96544403148033,0.0,0.0,True
C1,kang_GSE96583,,C1_lodo_1015,donor-shift,simple,run_headline,True,C1_LOCT,0.7071663588285446,0.7071663588285446,19.125853293200535,0.0,0.0,True
C1,kang_GSE96583,,C1_lodo_1015,linear-PCA,simple,run_headline,True,C1_LOCT,0.706970252096653,0.706970252096653,19.125853286703222,0.0,0.0,True
C1,kang_GSE96583,,C1_lodo_1015,scGen,latent,run_headline,True,C1_LOCT,0.6937925145030022,0.6937925145030022,19.527172458054647,0.0,0.0,True
C1,kang_GSE96583,,C1_lodo_1016,CPA,latent,run_headline,True,C1_LOCT,0.6176768019795418,0.6176768019795418,19.844146882130907,0.0,0.0,True
C1,kang_GSE96583,,C1_lodo_1016,cell-mean,simple,run_headline,True,C1_LOCT,0.6250491999089718,0.6250491999089718,19.785450580938633,0.0,0.0,True
C1,kang_GSE96583,,C1_lodo_1016,ctrl-pred,simple,run_headline,True,C1_LOCT,-0.0378071692539379,-0.0378071692539379,26.128709589078667,0.0,0.0,True
C1,kang_GSE96583,,C1_lodo_1016,donor-shift,simple,run_headline,True,C1_LOCT,0.6286021880805492,0.6286021880805492,19.735171224642897,0.0,0.0,True
C1,kang_GSE96583,,C1_lodo_1016,linear-PCA,simple,run_headline,True,C1_LOCT,0.628358282148838,0.628358282148838,19.735168805072608,0.0,0.0,True
C1,kang_GSE96583,,C1_lodo_1016,scGen,latent,run_headline,True,C1_LOCT,0.623886164277792,0.623886164277792,19.570084189464517,0.0,0.0,True
C1,kang_GSE96583,,C1_lodo_1039,CPA,latent,run_headline,True,C1_LOCT,0.6131768152117729,0.6131768152117729,21.328857023956083,0.0,0.0,True
C1,kang_GSE96583,,C1_lodo_1039,cell-mean,simple,run_headline,True,C1_LOCT,0.6485127992928028,0.6485127992928028,20.677611374054166,0.0,0.0,True
C1,kang_GSE96583,,C1_lodo_1039,ctrl-pred,simple,run_headline,True,C1_LOCT,0.004367632907815278,0.004367632907815278,28.523373729550592,0.0,0.0,True
C1,kang_GSE96583,,C1_lodo_1039,donor-shift,simple,run_headline,True,C1_LOCT,0.623202919960022,0.623202919960022,21.046062712435585,0.0,0.0,True
C1,kang_GSE96583,,C1_lodo_1039,linear-PCA,simple,run_headline,True,C1_LOCT,0.6231609284877777,0.6231609284877777,21.046063052096216,0.0,0.0,True
C1,kang_GSE96583,,C1_lodo_1039,scGen,latent,run_headline,True,C1_LOCT,0.6313196606934071,0.6313196606934071,20.946368996238995,0.0,0.0,True
C1,kang_GSE96583,,C1_lodo_107,CPA,latent,run_headline,True,C1_LOCT,0.6105209179222584,0.6105209179222584,21.628604397454282,0.0,0.0,True
C1,kang_GSE96583,,C1_lodo_107,cell-mean,simple,run_headline,True,C1_LOCT,0.6332962960004807,0.6332962960004807,21.22487845363404,0.0,0.0,True
C1,kang_GSE96583,,C1_lodo_107,ctrl-pred,simple,run_headline,True,C1_LOCT,0.004224001080729067,0.004224001080729067,29.331120517073145,0.0,0.0,True
C1,kang_GSE96583,,C1_lodo_107,donor-shift,simple,run_headline,True,C1_LOCT,0.6180873177945614,0.6180873177945614,21.471959583614908,0.0,0.0,True
C1,kang_GSE96583,,C1_lodo_107,linear-PCA,simple,run_headline,True,C1_LOCT,0.6180177330970764,0.6180177330970764,21.47195924686782,0.0,0.0,True
C1,kang_GSE96583,,C1_lodo_107,scGen,latent,run_headline,True,C1_LOCT,0.6183772012591362,0.6183772012591362,21.632812644666863,0.0,0.0,True
C1,kang_GSE96583,,C1_lodo_1244,CPA,latent,run_headline,True,C1_LOCT,0.6409059204161167,0.6409059204161167,21.474261979783442,0.0,0.0,True
C1,kang_GSE96583,,C1_lodo_1244,cell-mean,simple,run_headline,True,C1_LOCT,0.6583342663943768,0.6583342663943768,21.178799804265296,0.0,0.0,True
C1,kang_GSE96583,,C1_lodo_1244,ctrl-pred,simple,run_headline,True,C1_LOCT,0.014184749335981905,0.014184749335981905,29.279655271092995,0.0,0.0,True
C1,kang_GSE96583,,C1_lodo_1244,donor-shift,simple,run_headline,True,C1_LOCT,0.6599810048937798,0.6599810048937798,21.030288246900092,0.0,0.0,True
C1,kang_GSE96583,,C1_lodo_1244,linear-PCA,simple,run_headline,True,C1_LOCT,0.6599909514188766,0.6599909514188766,21.03028789857425,0.0,0.0,True
C1,kang_GSE96583,,C1_lodo_1244,scGen,latent,run_headline,True,C1_LOCT,0.6513919904828072,0.6513919904828072,21.429199849626535,0.0,0.0,True
C1,kang_GSE96583,,C1_lodo_1256,CPA,latent,run_headline,True,C1_LOCT,0.6449492871761322,0.6449492871761322,19.98908384156236,0.0,0.0,True
C1,kang_GSE96583,,C1_lodo_1256,cell-mean,simple,run_headline,True,C1_LOCT,0.6491790525615215,0.6491790525615215,20.101951013491536,0.0,0.0,True
C1,kang_GSE96583,,C1_lodo_1256,ctrl-pred,simple,run_headline,True,C1_LOCT,-0.029022505274042487,-0.029022505274042487,27.427310158709094,0.0,0.0,True
C1,kang_GSE96583,,C1_lodo_1256,donor-shift,simple,run_headline,True,C1_LOCT,0.6523088067770004,0.6523088067770004,20.02058642265557,0.0,0.0,True
C1,kang_GSE96583,,C1_lodo_1256,linear-PCA,simple,run_headline,True,C1_LOCT,0.6523660011589527,0.6523660011589527,20.02058598518502,0.0,0.0,True
C1,kang_GSE96583,,C1_lodo_1256,scGen,latent,run_headline,True,C1_LOCT,0.6509907692670822,0.6509907692670822,19.899314211166114,0.0,0.0,True
C1,kang_GSE96583,,C1_lodo_1488,CPA,latent,run_headline,True,C1_LOCT,0.6560374014079571,0.6560374014079571,20.59747397452406,0.0,0.0,True
C1,kang_GSE96583,,C1_lodo_1488,cell-mean,simple,run_headline,True,C1_LOCT,0.6827076300978661,0.6827076300978661,20.207639982832895,0.0,0.0,True
C1,kang_GSE96583,,C1_lodo_1488,ctrl-pred,simple,run_headline,True,C1_LOCT,0.04281143838306889,0.04281143838306889,28.50809242323139,0.0,0.0,True
C1,kang_GSE96583,,C1_lodo_1488,donor-shift,simple,run_headline,True,C1_LOCT,0.6794200241565704,0.6794200241565704,20.174163772506326,0.0,0.0,True
C1,kang_GSE96583,,C1_lodo_1488,linear-PCA,simple,run_headline,True,C1_LOCT,0.6791699752211571,0.6791699752211571,20.174163978501376,0.0,0.0,True
C1,kang_GSE96583,,C1_lodo_1488,scGen,latent,run_headline,True,C1_LOCT,0.6762623116374016,0.6762623116374016,20.227016240754,0.0,0.0,True
C1,kang_GSE96583,,C1_randsplit_f101,CPA,latent,run_headline,True,C1_LOCT,0.6595079600811005,0.6595079600811005,20.263212873180983,0.0,0.0,True
C1,kang_GSE96583,,C1_randsplit_f101,cell-mean,simple,run_headline,True,C1_LOCT,0.673910990357399,0.673910990357399,19.987122534870853,0.0,0.0,True
C1,kang_GSE96583,,C1_randsplit_f101,ctrl-pred,simple,run_headline,True,C1_LOCT,-0.016060354188084602,-0.016060354188084602,27.66054561133033,0.0,0.0,True
C1,kang_GSE96583,,C1_randsplit_f101,donor-shift,simple,run_headline,True,C1_LOCT,0.6694268733263016,0.6694268733263016,19.983690392143572,0.0,0.0,True
C1,kang_GSE96583,,C1_randsplit_f101,linear-PCA,simple,run_headline,True,C1_LOCT,0.6693549156188965,0.6693549156188965,19.9836909363181,0.0,0.0,True
C1,kang_GSE96583,,C1_randsplit_f101,scGen,latent,run_headline,True,C1_LOCT,0.6706278249621391,0.6706278249621391,20.129219589617776,0.0,0.0,True
C1,kang_GSE96583,,C1_randsplit_f1015,CPA,latent,run_headline,True,C1_LOCT,0.6603648141026497,0.6603648141026497,20.01883191436142,0.0,0.0,True
C1,kang_GSE96583,,C1_randsplit_f1015,cell-mean,simple,run_headline,True,C1_LOCT,0.6934188157320023,0.6934188157320023,19.431010145022874,0.0,0.0,True
C1,kang_GSE96583,,C1_randsplit_f1015,ctrl-pred,simple,run_headline,True,C1_LOCT,-0.013586105458671227,-0.013586105458671227,27.678208298901474,0.0,0.0,True
C1,kang_GSE96583,,C1_randsplit_f1015,donor-shift,simple,run_headline,True,C1_LOCT,0.6857721582055092,0.6857721582055092,19.47830549057452,0.0,0.0,True
C1,kang_GSE96583,,C1_randsplit_f1015,linear-PCA,simple,run_headline,True,C1_LOCT,0.6856715753674507,0.6856715753674507,19.478305896125413,0.0,0.0,True
C1,kang_GSE96583,,C1_randsplit_f1015,scGen,latent,run_headline,True,C1_LOCT,0.6772355884313583,0.6772355884313583,19.98907130100694,0.0,0.0,True
C1,kang_GSE96583,,C1_randsplit_f1016,CPA,latent,run_headline,True,C1_LOCT,0.6673351004719734,0.6673351004719734,20.079388362702296,0.0,0.0,True
C1,kang_GSE96583,,C1_randsplit_f1016,cell-mean,simple,run_headline,True,C1_LOCT,0.6902070567011833,0.6902070567011833,19.76977914427612,0.0,0.0,True
C1,kang_GSE96583,,C1_randsplit_f1016,ctrl-pred,simple,run_headline,True,C1_LOCT,0.004513703985139728,0.004513703985139728,27.836815545872497,0.0,0.0,True
C1,kang_GSE96583,,C1_randsplit_f1016,donor-shift,simple,run_headline,True,C1_LOCT,0.6822982057929039,0.6822982057929039,19.79554012175683,0.0,0.0,True
C1,kang_GSE96583,,C1_randsplit_f1016,linear-PCA,simple,run_headline,True,C1_LOCT,0.6819057315587997,0.6819057315587997,19.795540080446877,0.0,0.0,True
C1,kang_GSE96583,,C1_randsplit_f1016,scGen,latent,run_headline,True,C1_LOCT,0.6899859756231308,0.6899859756231308,19.905077952034468,0.0,0.0,True
C1,kang_GSE96583,,C1_randsplit_f1039,CPA,latent,run_headline,True,C1_LOCT,0.655431941151619,0.655431941151619,20.126605467873716,0.0,0.0,True
C1,kang_GSE96583,,C1_randsplit_f1039,cell-mean,simple,run_headline,True,C1_LOCT,0.6722619384527206,0.6722619384527206,19.919012776947145,0.0,0.0,True
C1,kang_GSE96583,,C1_randsplit_f1039,ctrl-pred,simple,run_headline,True,C1_LOCT,-0.0008029668824747205,-0.0008029668824747205,27.891425258198026,0.0,0.0,True
C1,kang_GSE96583,,C1_randsplit_f1039,donor-shift,simple,run_headline,True,C1_LOCT,0.662303127348423,0.662303127348423,20.029911052425923,0.0,0.0,True
C1,kang_GSE96583,,C1_randsplit_f1039,linear-PCA,simple,run_headline,True,C1_LOCT,0.6622025370597839,0.6622025370597839,20.0299108827756,0.0,0.0,True
C1,kang_GSE96583,,C1_randsplit_f1039,scGen,latent,run_headline,True,C1_LOCT,0.6490096561610699,0.6490096561610699,20.438732896930784,0.0,0.0,True
C1,kang_GSE96583,,C1_randsplit_f107,CPA,latent,run_headline,True,C1_LOCT,0.6541953831911087,0.6541953831911087,20.256597259952372,0.0,0.0,True
C1,kang_GSE96583,,C1_randsplit_f107,cell-mean,simple,run_headline,True,C1_LOCT,0.6619734764099121,0.6619734764099121,20.257062167247085,0.0,0.0,True
C1,kang_GSE96583,,C1_randsplit_f107,ctrl-pred,simple,run_headline,True,C1_LOCT,-0.014563115473720245,-0.014563115473720245,27.71757301654487,0.0,0.0,True
C1,kang_GSE96583,,C1_randsplit_f107,donor-shift,simple,run_headline,True,C1_LOCT,0.6499746665358543,0.6499746665358543,20.382311726054887,0.0,0.0,True
C1,kang_GSE96583,,C1_randsplit_f107,linear-PCA,simple,run_headline,True,C1_LOCT,0.6496926136314869,0.6496926136314869,20.3823123114556,0.0,0.0,True
C1,kang_GSE96583,,C1_randsplit_f107,scGen,latent,run_headline,True,C1_LOCT,0.6549385562539101,0.6549385562539101,20.3339146523614,0.0,0.0,True
C1,kang_GSE96583,,C1_randsplit_f1244,CPA,latent,run_headline,True,C1_LOCT,0.6777332723140717,0.6777332723140717,19.869089753256347,0.0,0.0,True
C1,kang_GSE96583,,C1_randsplit_f1244,cell-mean,simple,run_headline,True,C1_LOCT,0.6864447668194771,0.6864447668194771,19.826477667056835,0.0,0.0,True
C1,kang_GSE96583,,C1_randsplit_f1244,ctrl-pred,simple,run_headline,True,C1_LOCT,-0.012097597384126857,-0.012097597384126857,28.264495167569503,0.0,0.0,True
C1,kang_GSE96583,,C1_randsplit_f1244,donor-shift,simple,run_headline,True,C1_LOCT,0.6807050406932831,0.6807050406932831,19.82146667472175,0.0,0.0,True
C1,kang_GSE96583,,C1_randsplit_f1244,linear-PCA,simple,run_headline,True,C1_LOCT,0.6806975603103638,0.6806975603103638,19.82146636815896,0.0,0.0,True
C1,kang_GSE96583,,C1_randsplit_f1244,scGen,latent,run_headline,True,C1_LOCT,0.6819717139005661,0.6819717139005661,20.15145979245312,0.0,0.0,True
C1,kang_GSE96583,,C1_randsplit_f1256,CPA,latent,run_headline,True,C1_LOCT,0.6602723747491837,0.6602723747491837,20.1443352165069,0.0,0.0,True
C1,kang_GSE96583,,C1_randsplit_f1256,cell-mean,simple,run_headline,True,C1_LOCT,0.6741686165332794,0.6741686165332794,20.037183091527183,0.0,0.0,True
C1,kang_GSE96583,,C1_randsplit_f1256,ctrl-pred,simple,run_headline,True,C1_LOCT,0.004368998081190512,0.004368998081190512,27.697878686896434,0.0,0.0,True
C1,kang_GSE96583,,C1_randsplit_f1256,donor-shift,simple,run_headline,True,C1_LOCT,0.6682901754975319,0.6682901754975319,20.036600232382074,0.0,0.0,True
C1,kang_GSE96583,,C1_randsplit_f1256,linear-PCA,simple,run_headline,True,C1_LOCT,0.6681281104683876,0.6681281104683876,20.03660014996011,0.0,0.0,True
C1,kang_GSE96583,,C1_randsplit_f1256,scGen,latent,run_headline,True,C1_LOCT,0.6687371656298637,0.6687371656298637,20.021336198511257,0.0,0.0,True
C1,kang_GSE96583,,C1_randsplit_f1488,CPA,latent,run_headline,True,C1_LOCT,0.6534112691879272,0.6534112691879272,19.837685319579947,0.0,0.0,True
C1,kang_GSE96583,,C1_randsplit_f1488,cell-mean,simple,run_headline,True,C1_LOCT,0.6709695160388947,0.6709695160388947,19.59287227800624,0.0,0.0,True
C1,kang_GSE96583,,C1_randsplit_f1488,ctrl-pred,simple,run_headline,True,C1_LOCT,0.02344377286499366,0.02344377286499366,27.33541754760993,0.0,0.0,True
C1,kang_GSE96583,,C1_randsplit_f1488,donor-shift,simple,run_headline,True,C1_LOCT,0.6661291867494583,0.6661291867494583,19.58754563851538,0.0,0.0,True
C1,kang_GSE96583,,C1_randsplit_f1488,linear-PCA,simple,run_headline,True,C1_LOCT,0.6659439206123352,0.6659439206123352,19.58754565806771,0.0,0.0,True
C1,kang_GSE96583,,C1_randsplit_f1488,scGen,latent,run_headline,True,C1_LOCT,0.666243240237236,0.666243240237236,19.744142029123303,0.0,0.0,True
